x_star,y_star,u_star,v_star,p_star,bc_tag
18,0.114167,1.91486,1.3872e-11,1.16606e-44,2
18,0.0887963,2.00493,1.14614e-11,1.51399e-44,2
18,0.190278,1.50952,1.70966e-11,-4.06462e-46,2
18,0.139537,1.80226,1.56318e-11,8.69563e-45,2
18,0.164907,1.66715,1.67429e-11,5.64541e-45,2
17.9803,0.107882,1.93927,1.35695e-11,0.688496,0
17.9803,0.131398,1.84084,1.5429e-11,0.68849,0
18,0.266389,0.901521,1.2657e-11,-1.35073e-44,2
18,0.241019,1.12671,1.48749e-11,-1.2616e-44,2
18,0.0634259,2.07249,8.56188e-12,1.89665e-44,2
17.9803,0.0843649,2.01835,1.11786e-11,0.688496,0
18,0.215648,1.32937,1.63946e-11,-1.15363e-44,2
17.9767,0.186064,1.53726,1.75774e-11,0.816676,0
17.9766,0.157786,1.70735,1.69746e-11,0.817023,0
17.9557,0.1038,1.95438,1.42517e-11,1.54892,0
17.9564,0.131124,1.8421,1.66834e-11,1.52696,0
17.9766,0.234202,1.18337,1.58424e-11,0.819216,0
18,0.291759,0.653817,9.75026e-12,-2.35906e-44,2
17.9766,0.263923,0.924392,1.32431e-11,0.819318,0
18,0.31713,0.383594,6.19016e-12,-2.76084e-44,2
18,0.0380556,2.11752,5.25697e-12,2.08772e-44,2
17.9795,0.0553948,2.08918,7.69565e-12,0.717799,0
17.9556,0.0755867,2.04291,1.09734e-11,1.55369,0
17.9581,0.210637,1.36674,1.83544e-11,1.46559,0
17.9473,0.180756,1.57132,1.97235e-11,1.84546,0
17.9271,0.140951,1.79533,2.01796e-11,2.5491,0
17.9277,0.0991503,1.97089,1.57881e-11,2.52916,0
18,0.35,1.56639e-31,2.78806e-42,-8.86824e-44,2
17.9435,0.260438,0.956363,1.59485e-11,1.97761,0
17.9736,0.295113,0.619384,9.69705e-12,0.922509,0
18,0.0126852,2.14004,1.72004e-12,2.05948e-44,2
17.9795,0.0314346,2.12557,4.44415e-12,0.717799,0
17.951,0.0455116,2.10662,7.02326e-12,1.71365,0
17.9299,0.0615118,2.07667,1.03072e-11,2.45093,0
17.9181,0.220644,1.29124,2.28336e-11,2.86428,0
17.8915,0.178855,1.58328,2.75138e-11,3.79542,0
17.8952,0.12663,1.86236,2.2832e-11,3.66674,0
17.8952,0.0796114,2.03199,1.58057e-11,3.66674,0
17.9232,0.35,3.46037e-31,7.58839e-32,2.68524,3
17.8852,0.290258,0.669097,1.83269e-11,4.01739,0
17.959,0.00789245,2.14177,1.17733e-12,1.4351,0
18,-0.0126852,2.14004,-1.57893e-12,1.31843e-44,2
17.9817,-0.00530724,2.14236,-6.44878e-13,0.640633,0
17.9169,0.0341182,2.12249,6.30692e-12,2.90746,0
17.8481,0.247163,1.07423,3.3106e-11,5.31396,0
17.8572,0.158735,1.7021,3.24746e-11,4.99582,0
17.813,0.196117,1.47006,4.38645e-11,6.54332,0
17.8468,0.1126,1.92107,2.77318e-11,5.35971,0
17.8285,0.0541342,2.09159,1.61049e-11,6.00002,0
17.864,0.0176755,2.13739,4.42802e-12,4.75921,0
17.8304,0.35,3.93028e-31,1.90403e-31,5.93206,3
17.8047,0.292121,0.650122,3.02123e-11,6.8315,0
17.9344,-0.0128833,2.13995,-2.19339e-12,2.29629,0
17.9607,-0.0259547,2.13107,-3.85743e-12,1.3758,0
18,-0.0380556,2.11752,-5.27892e-12,3.39957e-44,2
17.8952,-0.0144254,2.13922,-3.0143e-12,3.66672,0
17.8359,-0.0351711,2.12122,-1.01673e-11,5.73987,0
17.7613,0.239752,1.13736,5.26329e-11,8.34971,0
17.7613,0.154657,1.72445,5.15321e-11,8.35086,0
17.7882,0.0955993,1.98299,3.25052e-11,7.41121,0
17.775,0.0186324,2.13678,7.36142e-12,7.8725,0
17.7011,0.290631,0.665313,4.69278e-11,10.4559,0
17.7307,0.35,4.07261e-31,3.13401e-31,9.42287,3
17.9365,-0.04966,2.09972,-8.13674e-12,2.21985,0
17.9795,-0.0553948,2.08918,-7.80544e-12,0.717799,0
18,-0.0634259,2.07249,-8.64853e-12,1.85005e-44,2
17.8952,-0.0614438,2.07682,-1.25212e-11,3.66671,0
17.7613,-0.0613065,2.07711,-2.45832e-11,8.35161,0
17.8468,-0.0794504,2.03244,-2.07908e-11,5.35967,0
17.6879,0.19828,1.45513,7.30934e-11,10.9195,0
17.7011,0.106353,1.945,4.98625e-11,10.4568,0
17.7011,-0.00994647,2.14113,-4.98006e-12,10.4567,0
17.6166,0.25,1.04956,8.19029e-11,13.4124,0
17.6309,0.35,4.07261e-31,4.29505e-31,12.9137,3
17.9556,-0.0755868,2.04291,-1.09672e-11,1.55369,0
17.9277,-0.0787481,2.03438,-1.30348e-11,2.52913,0
17.9803,-0.0843647,2.01835,-1.12175e-11,0.68849,0
17.6673,-0.077326,2.03826,-4.25995e-11,11.6387,0
18,-0.0887963,2.00493,-1.15122e-11,1.46726e-44,2
17.8952,-0.108462,1.93707,-2.03978e-11,3.6667,0
17.7966,-0.145008,1.77503,-4.24139e-11,7.11774,0
17.7222,-0.14725,1.76357,-5.83295e-11,9.72012,0
17.8572,-0.143181,1.78424,-3.07856e-11,4.99586,0
17.6309,0.05,2.09912,3.14181e-11,12.9137,0
17.6024,0.15,1.74927,8.48931e-11,13.911,0
17.5739,-0.05,2.09912,-3.62892e-11,14.9084,0
17.5311,0.25,1.04956,1.00008e-10,16.4045,0
17.5311,0.35,4.07261e-31,5.45608e-31,16.4045,3
17.9803,-0.107882,1.93927,-1.3577e-11,0.688496,0
17.9564,-0.109864,1.93172,-1.48608e-11,1.52694,0
17.6309,-0.15,1.74927,-7.89567e-11,12.9137,0
17.6309,-0.25,1.04956,-7.83349e-11,12.9137,0
18,-0.114167,1.91486,-1.38606e-11,1.16245e-44,2
17.9271,-0.14095,1.79533,-2.01971e-11,2.54907,0
17.813,-0.196117,1.47006,-4.38904e-11,6.54332,0
17.7613,-0.239752,1.13736,-5.27114e-11,8.34971,0
17.8915,-0.178856,1.58328,-2.75632e-11,3.79546,0
17.5026,-0.15,1.74927,-1.06275e-10,17.4019,0
17.5311,0.15,1.74927,1.00594e-10,16.4045,0
17.5311,0.05,2.09912,3.98693e-11,16.4045,0
17.4883,-0.05,2.09912,-4.37894e-11,17.9005,0
17.4313,0.35,4.07261e-31,6.61711e-31,19.8953,3
17.4313,0.25,1.04956,1.21797e-10,19.8953,0
17.9803,-0.131398,1.84084,-1.54394e-11,0.688496,0
17.5454,-0.25,1.04956,-9.71589e-11,15.9058,0
17.6309,-0.35,4.07261e-31,-4.29505e-31,12.9137,3
17.7011,-0.290631,0.665312,-4.70555e-11,10.4559,0
18,-0.139537,1.80226,-1.56554e-11,9.57054e-45,2
17.9766,-0.157786,1.70735,-1.70082e-11,0.817023,0
17.9271,-0.177965,1.58884,-2.20271e-11,2.5491,0
17.8481,-0.2361,1.16776,-3.43613e-11,5.31393,0
17.7952,-0.293525,0.635738,-3.10265e-11,7.16637,0
17.9267,-0.230572,1.21289,-2.09952e-11,2.56588,0
17.4313,-0.15,1.74927,-1.21742e-10,19.8953,0
17.4313,-0.25,1.04956,-1.21854e-10,19.8953,0
17.4028,0.15,1.74927,1.27988e-10,20.8927,0
17.4313,0.05,2.09912,4.85637e-11,19.8953,0
17.3743,-0.05,2.09912,-5.35951e-11,21.89,0
17.3315,0.15,1.74927,1.43334e-10,23.3861,0
17.3315,0.35,4.07261e-31,7.77814e-31,23.3861,3
17.3315,0.25,1.04956,1.42619e-10,23.3861,0
17.5311,-0.35,4.07261e-31,-5.45608e-31,16.4045,3
17.7307,-0.35,4.07261e-31,-3.13401e-31,9.42287,3
17.4313,-0.35,4.07261e-31,-6.61711e-31,19.8953,3
17.9681,-0.182109,1.56273,-1.80207e-11,1.11551,0
18,-0.164907,1.66715,-1.67938e-11,5.40079e-45,2
17.9581,-0.210637,1.36674,-1.8324e-11,1.46559,0
17.8852,-0.290258,0.669097,-1.84354e-11,4.01739,0
17.8304,-0.35,3.93028e-31,-1.90403e-31,5.93206,3
17.9766,-0.234202,1.18337,-1.60324e-11,0.819216,0
17.9435,-0.27735,0.797265,-1.35945e-11,1.97759,0
17.3601,-0.15,1.74927,-1.37133e-10,22.3887,0
17.3315,-0.25,1.04956,-1.42869e-10,23.3861,0
17.3315,-0.35,4.07261e-31,-7.77814e-31,23.3861,3
17.3315,0.05,2.09912,5.73296e-11,23.3861,0
17.2888,-0.05,2.09912,-6.09606e-11,24.8822,0
17.2318,0.35,4.07261e-31,8.93917e-31,26.8769,3
17.2603,0.15,1.74927,1.58414e-10,25.8795,0
17.2318,0.25,1.04956,1.64855e-10,26.8769,0
18,-0.215648,1.32937,-1.64201e-11,-7.90718e-45,2
18,-0.190278,1.50952,-1.71004e-11,-3.45602e-45,2
18,-0.241019,1.12671,-1.51063e-11,-8.72686e-45,2
17.9232,-0.35,3.46037e-31,-7.58839e-32,2.68524,3
18,-0.266389,0.901521,-1.24636e-11,-3.95507e-44,2
17.9736,-0.295113,0.619384,-9.25055e-12,0.922509,0
17.2318,-0.35,4.07261e-31,-8.93917e-31,26.8769,3
17.2318,-0.15,1.74927,-1.64432e-10,26.8769,0
17.2318,-0.25,1.04956,-1.64817e-10,26.8769,0
17.2318,0.05,2.09912,6.58577e-11,26.8769,0
17.1748,-0.05,2.09912,-7.06696e-11,28.8717,0
17.132,0.25,1.04956,1.85519e-10,30.3677,0
17.132,0.35,4.07261e-31,1.01002e-30,30.3677,3
17.132,0.15,1.74927,1.85997e-10,30.3677,0
18,-0.35,1.56639e-31,-2.86668e-42,-8.26888e-44,2
18,-0.291759,0.653817,-9.34045e-12,-1.4934e-44,2
18,-0.31713,0.383594,-6.11244e-12,-2.30287e-44,2
17.132,-0.35,4.07261e-31,-1.01002e-30,30.3677,3
17.1605,-0.15,1.74927,-1.79853e-10,29.3703,0
17.1177,-0.25,1.04956,-1.89028e-10,30.8664,0
17.132,0.05,2.09912,7.43505e-11,30.3677,0
17.0678,0.1,1.96793,1.49897e-10,32.6118,0
17.0892,-0.05,2.09912,-7.81952e-11,31.8638,0
17.0322,0.35,4.07261e-31,1.12612e-30,33.8585,3
17.0322,0.25,1.04956,2.0745e-10,33.8585,0
17.0037,0.15,1.74927,2.13423e-10,34.8559,0
17.0322,-0.35,4.07261e-31,-1.12612e-30,33.8585,3
17.0322,-0.15,1.74927,-2.06957e-10,33.8585,0
16.9752,-0.05,2.09912,-8.80876e-11,35.8533,0
17.0322,-0.25,1.04956,-2.07642e-10,33.8585,0
16.9894,0.05,2.09912,8.67202e-11,35.3546,0
16.9324,0.35,4.07261e-31,1.24223e-30,37.3493,3
16.9324,0.25,1.04956,2.27977e-10,37.3493,0
16.9324,0.15,1.74927,2.28677e-10,37.3493,0
16.9324,-0.35,4.07261e-31,-1.24223e-30,37.3493,3
16.9324,-0.15,1.74927,-2.28264e-10,37.3493,0
16.8897,-0.05,2.09912,-9.52414e-11,38.8454,0
16.9182,-0.25,1.04956,-2.31894e-10,37.848,0
16.8754,0.05,2.09912,9.64242e-11,39.3441,0
16.8327,0.35,4.07261e-31,1.35833e-30,40.8401,3
16.8469,0.25,1.04956,2.46689e-10,40.3415,0
16.8327,0.15,1.74927,2.50273e-10,40.8401,0
16.8327,-0.35,4.07261e-31,-1.35833e-30,40.8401,3
16.8327,-0.15,1.74927,-2.50236e-10,40.8401,0
16.7756,-0.05,2.09912,-1.04893e-10,42.8349,0
16.8327,-0.25,1.04956,-2.50243e-10,40.8401,0
16.7329,0.15,1.74927,2.71305e-10,44.331,0
16.7329,0.05,2.09912,1.08669e-10,44.331,0
16.7329,0.35,4.07261e-31,1.47443e-30,44.331,3
16.7329,0.25,1.04956,2.71722e-10,44.331,0
16.7756,-0.2,1.44315,-2.88888e-10,42.8349,0
16.7329,-0.35,4.07261e-31,-1.47443e-30,44.331,3
16.6901,-0.05,2.09912,-1.1217e-10,45.827,0
16.7044,-0.15,1.74927,-2.77596e-10,45.3283,0
16.7186,-0.25,1.04956,-2.74515e-10,44.8296,0
16.6331,0.05,2.09912,1.17004e-10,47.8218,0
16.6331,0.15,1.74927,2.92416e-10,47.8218,0
16.6331,0.35,4.07261e-31,1.59054e-30,47.8218,3
16.6188,0.25,1.04956,2.95884e-10,48.3205,0
16.6331,-0.35,4.07261e-31,-1.59054e-30,47.8218,3
16.6331,-0.15,1.74927,-2.92996e-10,47.8218,0
16.5761,-0.05,2.09912,-1.21711e-10,49.8165,0
16.6331,-0.25,1.04956,-2.92626e-10,47.8218,0
16.5333,0.05,2.09912,1.2516e-10,51.3126,0
16.5333,0.25,1.04956,3.13607e-10,51.3126,0
16.5333,0.15,1.74927,3.1458e-10,51.3126,0
16.5333,0.35,4.07261e-31,1.70664e-30,51.3126,3
16.5761,-0.2,1.44315,-3.35385e-10,49.8165,0
16.5333,-0.35,4.07261e-31,-1.70664e-30,51.3126,3
16.5048,-0.15,1.74927,-3.19983e-10,52.3099,0
16.4906,-0.05,2.09912,-1.2941e-10,52.8086,0
16.5191,-0.25,1.04956,-3.17306e-10,51.8113,0
16.4335,0.05,2.09912,1.34028e-10,54.8034,0
16.4478,0.25,1.04956,3.32063e-10,54.3047,0
16.4335,0.15,1.74927,3.35731e-10,54.8034,0
16.4335,0.35,4.07261e-31,1.82274e-30,54.8034,3
16.4335,-0.35,4.07261e-31,-1.82274e-30,54.8034,3
16.4335,-0.15,1.74927,-3.35389e-10,54.8034,0
16.4122,-0.05,2.09912,-1.35851e-10,55.5514,0
16.4193,-0.25,1.04956,-3.38671e-10,55.3021,0
16.3338,0.05,2.09912,1.42915e-10,58.2942,0
16.3338,0.15,1.74927,3.56634e-10,58.2942,0
16.3338,0.25,1.04956,3.57305e-10,58.2942,0
16.3338,0.35,4.07261e-31,1.93885e-30,58.2942,3
16.3338,-0.35,4.07261e-31,-1.93885e-30,58.2942,3
16.3338,-0.25,1.04956,-3.56397e-10,58.2942,0
16.3338,-0.05,2.09912,-1.42512e-10,58.2942,0
16.3338,-0.15,1.74927,-3.57191e-10,58.2942,0
16.2554,0.05,2.09912,1.49491e-10,61.037,0
16.234,0.15,1.74927,3.78424e-10,61.785,0
16.234,0.25,1.04956,3.77358e-10,61.785,0
16.234,0.35,4.07261e-31,2.05495e-30,61.785,3
16.234,-0.05,2.09912,-1.51102e-10,61.785,0
16.234,-0.35,4.07261e-31,-2.05495e-30,61.785,3
16.2482,-0.25,1.04956,-3.74945e-10,61.2863,0
16.234,-0.15,1.74927,-3.78224e-10,61.785,0
16.177,0.05,2.09912,1.56182e-10,63.7798,0
16.1342,0.35,4.07261e-31,2.17105e-30,65.2758,3
16.1627,0.15,1.74927,3.9375e-10,64.2784,0
16.1342,0.25,1.04956,4.00402e-10,65.2758,0
16.1556,-0.05,2.09912,-1.5814e-10,64.5278,0
16.1342,-0.35,4.07261e-31,-2.17105e-30,65.2758,3
16.1342,-0.25,1.04956,-4.00148e-10,65.2758,0
16.1342,-0.15,1.74927,-3.99357e-10,65.2758,0
16.0914,0.05,2.09912,1.63667e-10,66.7719,0
16.0344,0.35,4.07261e-31,2.28716e-30,68.7666,3
16.0344,0.15,1.74927,4.20742e-10,68.7666,0
16.0344,0.25,1.04956,4.21201e-10,68.7666,0
16.0772,-0.05,2.09912,-1.65469e-10,67.2706,0
16.0344,-0.35,4.07261e-31,-2.28716e-30,68.7666,3
15.9774,0.05,2.09912,1.73917e-10,70.7614,0
16.0344,-0.25,1.04956,-4.21097e-10,68.7666,0
16.0629,-0.15,1.74927,-4.14869e-10,67.7692,0
15.9917,-0.05,2.09912,-1.72425e-10,70.2627,0
15.9346,0.35,4.07261e-31,2.40326e-30,72.2574,3
15.9204,0.25,1.04956,4.45439e-10,72.7561,0
15.9346,0.15,1.74927,4.41794e-10,72.2574,0
15.9346,-0.35,4.07261e-31,-2.40326e-30,72.2574,3
15.9346,-0.25,1.04956,-4.41408e-10,72.2574,0
15.9133,-0.05,2.09912,-1.7843e-10,73.0055,0
15.8919,0.05,2.09912,1.80776e-10,73.7535,0
15.9346,-0.15,1.74927,-4.42764e-10,72.2574,0
15.8349,0.25,1.04956,4.63009e-10,75.7482,0
15.8349,0.35,4.07261e-31,2.51936e-30,75.7482,3
15.8349,0.15,1.74927,4.64272e-10,75.7482,0
15.8349,-0.35,4.07261e-31,-2.51936e-30,75.7482,3
15.8491,-0.25,1.04956,-4.60452e-10,75.2496,0
15.8349,-0.05,2.09912,-1.85132e-10,75.7482,0
15.7778,0.05,2.09912,1.89998e-10,77.743,0
15.8064,-0.15,1.74927,-4.70132e-10,76.7456,0
15.7351,0.35,4.07261e-31,2.63546e-30,79.239,3
15.7351,0.25,1.04956,4.84887e-10,79.239,0
15.7066,0.15,1.74927,4.91568e-10,80.2364,0
15.7351,-0.35,4.07261e-31,-2.63546e-30,79.239,3
15.7351,-0.25,1.04956,-4.84459e-10,79.239,0
15.7351,-0.05,2.09912,-1.94068e-10,79.239,0
15.6923,0.05,2.09912,1.97906e-10,80.7351,0
15.7351,-0.15,1.74927,-4.85761e-10,79.239,0
15.6353,0.35,4.07261e-31,2.75157e-30,82.7299,3
15.6353,0.25,1.04956,5.06931e-10,82.7299,0
15.6353,0.15,1.74927,5.06492e-10,82.7299,0
15.6353,-0.35,4.07261e-31,-2.75157e-30,82.7299,3
15.6353,-0.25,1.04956,-5.07416e-10,82.7299,0
15.6353,-0.05,2.09912,-2.02487e-10,82.7299,0
15.6139,0.05,2.09912,2.05098e-10,83.4779,0
15.6068,-0.15,1.74927,-5.12892e-10,83.7272,0
15.5355,0.35,4.07261e-31,2.86767e-30,86.2207,3
15.5213,0.25,1.04956,5.30935e-10,86.7194,0
15.564,0.15,1.74927,5.21236e-10,85.2233,0
15.5355,0.05,2.09912,2.11742e-10,86.2207,0
15.5355,-0.35,4.07261e-31,-2.86767e-30,86.2207,3
15.5355,-0.25,1.04956,-5.26155e-10,86.2207,0
15.5355,-0.15,1.74927,-5.28853e-10,86.2207,0
15.5355,-0.05,2.09912,-2.1129e-10,86.2207,0
15.4357,0.25,1.04956,5.48132e-10,89.7115,0
15.4357,0.35,4.07261e-31,2.98377e-30,89.7115,3
15.4357,0.15,1.74927,5.49914e-10,89.7115,0
15.4357,-0.05,2.09912,-2.19553e-10,89.7115,0
15.4357,0.05,2.09912,2.19104e-10,89.7115,0
15.4357,-0.35,4.07261e-31,-2.98377e-30,89.7115,3
15.45,-0.25,1.04956,-5.45607e-10,89.2128,0
15.4357,-0.15,1.74927,-5.49021e-10,89.7115,0
15.336,0.25,1.04956,5.70209e-10,93.2023,0
15.336,0.35,4.07261e-31,3.09988e-30,93.2023,3
15.336,0.15,1.74927,5.70361e-10,93.2023,0
15.336,0.05,2.09912,2.28286e-10,93.2023,0
15.336,-0.05,2.09912,-2.27786e-10,93.2023,0
15.2576,0.05,2.09912,2.35144e-10,95.9451,0
15.336,-0.35,4.07261e-31,-3.09988e-30,93.2023,3
15.336,-0.25,1.04956,-5.70004e-10,93.2023,0
15.336,-0.15,1.74927,-5.71193e-10,93.2023,0
15.2362,0.35,4.07261e-31,3.21598e-30,96.6931,3
15.2362,0.15,1.74927,5.91352e-10,96.6931,0
15.2362,0.25,1.04956,5.92866e-10,96.6931,0
15.2362,-0.35,4.07261e-31,-3.21598e-30,96.6931,3
15.2362,-0.05,2.09912,-2.36588e-10,96.6931,0
15.1792,0.05,2.09912,2.41574e-10,98.6878,0
15.2362,-0.25,1.04956,-5.93063e-10,96.6931,0
15.2077,-0.15,1.74927,-5.9778e-10,97.6905,0
15.1364,0.35,4.07261e-31,3.33208e-30,100.184,3
15.1649,0.15,1.74927,6.07509e-10,99.1865,0
15.1364,0.25,1.04956,6.12968e-10,100.184,0
15.1364,-0.35,4.07261e-31,-3.33208e-30,100.184,3
15.1364,-0.05,2.09912,-2.4562e-10,100.184,0
15.0794,0.05,2.09912,2.50008e-10,102.179,0
15.1364,-0.25,1.04956,-6.12625e-10,100.184,0
15.1364,-0.15,1.74927,-6.13319e-10,100.184,0
15.0366,0.35,4.07261e-31,3.44819e-30,103.675,3
15.0651,0.15,1.74927,6.28735e-10,102.677,0
15.0224,0.25,1.04956,6.37824e-10,104.173,0
15.0366,-0.35,4.07261e-31,-3.44819e-30,103.675,3
15.0366,-0.25,1.04956,-6.33334e-10,103.675,0
15.0366,-0.05,2.09912,-2.53216e-10,103.675,0
14.9939,0.05,2.09912,2.57334e-10,105.171,0
15.0366,-0.15,1.74927,-6.35773e-10,103.675,0
14.9369,0.35,4.07261e-31,3.56429e-30,107.166,3
14.9369,0.15,1.74927,6.55933e-10,107.166,0
14.9369,0.25,1.04956,6.56256e-10,107.166,0
14.9369,-0.35,4.07261e-31,-3.56429e-30,107.166,3
14.9369,-0.25,1.04956,-6.57243e-10,107.166,0
14.9369,-0.05,2.09912,-2.62182e-10,107.166,0
14.8798,0.05,2.09912,2.67761e-10,109.16,0
14.9083,-0.15,1.74927,-6.62663e-10,108.163,0
14.8371,0.35,4.07261e-31,3.68039e-30,110.656,3
14.8371,0.15,1.74927,6.76672e-10,110.656,0
14.8228,0.25,1.04956,6.80975e-10,111.155,0
14.7943,0.05,2.09912,2.74524e-10,112.152,0
14.8371,-0.35,4.07261e-31,-3.68039e-30,110.656,3
14.8371,-0.25,1.04956,-6.75306e-10,110.656,0
14.8371,-0.15,1.74927,-6.788e-10,110.656,0
14.8371,-0.05,2.09912,-2.70581e-10,110.656,0
14.7373,0.35,4.07261e-31,3.7965e-30,114.147,3
14.7373,0.15,1.74927,6.99091e-10,114.147,0
14.7373,0.25,1.04956,6.99013e-10,114.147,0
14.7373,-0.05,2.09912,-2.78752e-10,114.147,0
14.6803,0.05,2.09912,2.8417e-10,116.142,0
14.7373,-0.35,4.07261e-31,-3.7965e-30,114.147,3
14.7515,-0.25,1.04956,-6.94929e-10,113.648,0
14.7373,-0.15,1.74927,-6.99179e-10,114.147,0
14.6375,0.35,4.07261e-31,3.9126e-30,117.638,3
14.6233,0.25,1.04956,7.23317e-10,118.137,0
14.666,0.15,1.74927,7.14092e-10,116.641,0
14.6375,-0.05,2.09912,-2.87723e-10,117.638,0
14.5948,0.05,2.09912,2.91373e-10,119.134,0
14.6375,-0.35,4.07261e-31,-3.9126e-30,117.638,3
14.6375,-0.15,1.74927,-7.20549e-10,117.638,0
14.6375,-0.25,1.04956,-7.21106e-10,117.638,0
14.5377,0.25,1.04956,7.40034e-10,121.129,0
14.5377,0.35,4.07261e-31,4.0287e-30,121.129,3
14.5377,0.15,1.74927,7.42537e-10,121.129,0
14.5805,-0.2,1.44315,-8.06233e-10,119.633,0
14.5377,-0.05,2.09912,-2.96221e-10,121.129,0
14.4807,0.05,2.09912,3.00905e-10,123.124,0
14.5377,-0.35,4.07261e-31,-4.0287e-30,121.129,3
14.5092,-0.15,1.74927,-7.4842e-10,122.126,0
14.5235,-0.25,1.04956,-7.44289e-10,121.627,0
14.4522,0.25,1.04956,7.59744e-10,124.121,0
14.438,0.35,4.07261e-31,4.14481e-30,124.62,3
14.4094,0.15,1.74927,7.6904e-10,125.617,0
14.438,-0.05,2.09912,-3.04631e-10,124.62,0
14.3952,0.05,2.09912,3.09002e-10,126.116,0
14.438,-0.15,1.74927,-7.64026e-10,124.62,0
14.438,-0.35,4.07261e-31,-4.14481e-30,124.62,3
14.438,-0.25,1.04956,-7.60993e-10,124.62,0
14.3382,0.25,1.04956,7.83893e-10,128.11,0
14.3382,0.35,4.07261e-31,4.26091e-30,128.11,3
14.3382,0.15,1.74927,7.85115e-10,128.11,0
14.3382,-0.15,1.74927,-7.84412e-10,128.11,0
14.3382,-0.05,2.09912,-3.1442e-10,128.11,0
14.2812,0.05,2.09912,3.18444e-10,130.105,0
14.3382,-0.35,4.07261e-31,-4.26091e-30,128.11,3
14.3382,-0.25,1.04956,-7.8478e-10,128.11,0
14.2527,0.25,1.04956,8.02848e-10,131.103,0
14.2384,0.35,4.07261e-31,4.37701e-30,131.601,3
14.2384,0.15,1.74927,8.05499e-10,131.601,0
14.2384,-0.15,1.74927,-8.05764e-10,131.601,0
14.2384,-0.05,2.09912,-3.22105e-10,131.601,0
14.1956,0.05,2.09912,3.25591e-10,133.097,0
14.2384,-0.35,4.07261e-31,-4.37701e-30,131.601,3
14.2384,-0.25,1.04956,-8.0564e-10,131.601,0
14.1386,0.25,1.04956,8.2642e-10,135.092,0
14.1386,0.35,4.07261e-31,4.49312e-30,135.092,3
14.1386,0.15,1.74927,8.27341e-10,135.092,0
14.1172,0.05,2.09912,3.32007e-10,135.84,0
14.1386,-0.15,1.74927,-8.2672e-10,135.092,0
14.1386,-0.05,2.09912,-3.30107e-10,135.092,0
14.1386,-0.35,4.07261e-31,-4.49312e-30,135.092,3
14.1244,-0.25,1.04956,-8.30232e-10,135.591,0
14.0388,0.05,2.09912,3.39813e-10,138.583,0
14.0531,0.25,1.04956,8.45818e-10,138.084,0
14.0388,0.35,4.07261e-31,4.60922e-30,138.583,3
14.0103,0.15,1.74927,8.54027e-10,139.58,0
14.0388,-0.15,1.74927,-8.4893e-10,138.583,0
14.0388,-0.05,2.09912,-3.39576e-10,138.583,0
14.0388,-0.35,4.07261e-31,-4.60922e-30,138.583,3
14.0388,-0.25,1.04956,-8.47532e-10,138.583,0
13.9391,0.05,2.09912,3.48164e-10,142.074,0
13.9391,0.25,1.04956,8.68447e-10,142.074,0
13.9391,0.35,4.07261e-31,4.72532e-30,142.074,3
13.9391,0.15,1.74927,8.70618e-10,142.074,0
13.9676,-0.15,1.74927,-8.63999e-10,141.076,0
13.9391,-0.05,2.09912,-3.4805e-10,142.074,0
13.9391,-0.35,4.07261e-31,-4.72532e-30,142.074,3
13.9391,-0.25,1.04956,-8.68581e-10,142.074,0
13.8607,-0.05,2.09912,-3.54534e-10,144.816,0
13.8393,0.05,2.09912,3.55885e-10,145.564,0
13.8535,0.25,1.04956,8.88266e-10,145.066,0
13.8393,0.35,4.07261e-31,4.84142e-30,145.564,3
13.8108,0.15,1.74927,8.97118e-10,146.562,0
13.8393,-0.35,4.07261e-31,-4.84142e-30,145.564,3
13.8393,-0.15,1.74927,-8.90935e-10,145.564,0
13.8393,-0.25,1.04956,-8.92441e-10,145.564,0
13.7823,-0.05,2.09912,-3.61975e-10,147.559,0
13.7609,0.05,2.09912,3.6404e-10,148.307,0
13.7395,0.35,4.07261e-31,4.95753e-30,149.055,3
13.7395,0.25,1.04956,9.11421e-10,149.055,0
13.7395,0.15,1.74927,9.12777e-10,149.055,0
13.6397,0.35,4.07261e-31,5.07363e-30,152.546,3
13.7395,-0.35,4.07261e-31,-4.95753e-30,149.055,3
13.768,-0.15,1.74927,-9.06498e-10,148.058,0
13.7252,-0.25,1.04956,-9.156e-10,149.554,0
13.6967,-0.05,2.09912,-3.6896e-10,150.551,0
13.6825,0.05,2.09912,3.70704e-10,151.05,0
13.6397,0.15,1.74927,9.33197e-10,152.546,0
13.654,0.25,1.04956,9.32093e-10,152.047,0
13.5399,0.35,4.07261e-31,5.18973e-30,156.037,3
13.6397,-0.35,4.07261e-31,-5.07363e-30,152.546,3
13.6397,-0.15,1.74927,-9.33635e-10,152.546,0
13.6397,-0.25,1.04956,-9.33313e-10,152.546,0
13.6183,-0.05,2.09912,-3.76349e-10,153.294,0
13.5827,0.05,2.09912,3.78696e-10,154.541,0
13.5257,0.25,1.04956,9.58722e-10,156.536,0
13.5685,0.15,1.74927,9.48583e-10,155.039,0
13.4402,0.35,4.07261e-31,5.30584e-30,159.528,3
13.5399,-0.35,4.07261e-31,-5.18973e-30,156.037,3
13.5399,-0.25,1.04956,-9.5407e-10,156.037,0
13.5399,-0.15,1.74927,-9.55578e-10,156.037,0
13.5399,-0.05,2.09912,-3.81844e-10,156.037,0
13.4402,0.25,1.04956,9.76889e-10,159.528,0
13.4972,0.05,2.09912,3.866e-10,157.533,0
13.4402,0.15,1.74927,9.76179e-10,159.528,0
13.3404,0.25,1.04956,9.97516e-10,163.018,0
13.3404,0.35,4.07261e-31,5.42194e-30,163.018,3
13.4758,-0.1,1.96793,-7.27149e-10,158.281,0
13.4402,-0.35,4.07261e-31,-5.30584e-30,159.528,3
13.4402,-0.25,1.04956,-9.78632e-10,159.528,0
13.4117,-0.15,1.74927,-9.82563e-10,160.525,0
13.3974,-0.05,2.09912,-3.96021e-10,161.024,0
13.3404,0.15,1.74927,9.97725e-10,163.018,0
13.3831,0.05,2.09912,3.96535e-10,161.522,0
13.2406,0.25,1.04956,1.01914e-09,166.509,0
13.2406,0.35,4.07261e-31,5.53804e-30,166.509,3
13.3404,-0.35,4.07261e-31,-5.42194e-30,163.018,3
13.3404,-0.25,1.04956,-9.95199e-10,163.018,0
13.3404,-0.15,1.74927,-9.97584e-10,163.018,0
13.2406,0.15,1.74927,1.01889e-09,166.509,0
13.2834,-0.05,2.09912,-4.05252e-10,165.013,0
13.2976,0.05,2.09912,4.03426e-10,164.515,0
13.1551,0.25,1.04956,1.03847e-09,169.501,0
13.1408,0.35,4.07261e-31,5.65415e-30,170,3
13.2406,-0.35,4.07261e-31,-5.53804e-30,166.509,3
13.2549,-0.25,1.04956,-1.01583e-09,166.011,0
13.2121,-0.15,1.74927,-1.0246e-09,167.507,0
13.1123,0.15,1.74927,1.04739e-09,170.997,0
13.1836,0.05,2.09912,4.12774e-10,168.504,0
13.1978,-0.05,2.09912,-4.12445e-10,168.005,0
13.041,0.25,1.04956,1.06099e-09,173.491,0
13.041,0.35,4.07261e-31,5.77025e-30,173.491,3
13.041,0.15,1.74927,1.06295e-09,173.491,0
13.1408,-0.15,1.74927,-1.0396e-09,170,0
13.1408,-0.35,4.07261e-31,-5.65415e-30,170,3
13.1408,-0.25,1.04956,-1.04233e-09,170,0
13.041,0.05,2.09912,4.25132e-10,173.491,0
13.0838,-0.05,2.09912,-4.22283e-10,171.995,0
12.9555,0.25,1.04956,1.08082e-09,176.483,0
12.9413,0.35,4.07261e-31,5.88635e-30,176.982,3
12.9413,0.05,2.09912,4.32614e-10,176.982,0
12.9413,0.15,1.74927,1.08277e-09,176.982,0
13.041,-0.15,1.74927,-1.06143e-09,173.491,0
13.041,-0.35,4.07261e-31,-5.77025e-30,173.491,3
13.0268,-0.25,1.04956,-1.06501e-09,173.99,0
12.9413,-0.05,2.09912,-4.32604e-10,176.982,0
12.8415,0.25,1.04956,1.10344e-09,180.473,0
12.8415,0.35,4.07261e-31,6.00246e-30,180.473,3
12.8415,0.05,2.09912,4.41715e-10,180.473,0
12.8415,0.15,1.74927,1.10587e-09,180.473,0
12.9413,-0.15,1.74927,-1.0832e-09,176.982,0
12.9413,-0.35,4.07261e-31,-5.88635e-30,176.982,3
12.9413,-0.25,1.04956,-1.08314e-09,176.982,0
12.87,-0.15,1.74927,-1.09857e-09,179.475,0
12.7987,-0.05,2.09912,-4.44824e-10,181.969,0
12.756,0.25,1.04956,1.12293e-09,183.465,0
12.7417,0.35,4.07261e-31,6.11856e-30,183.963,3
12.7417,0.05,2.09912,4.49581e-10,183.963,0
12.7132,0.15,1.74927,1.13159e-09,184.961,0
12.8415,-0.35,4.07261e-31,-6.00246e-30,180.473,3
12.8272,-0.25,1.04956,-1.10881e-09,180.971,0
12.7417,-0.15,1.74927,-1.12535e-09,183.963,0
12.6847,-0.05,2.09912,-4.55325e-10,185.958,0
12.6419,0.15,1.74927,1.14702e-09,187.454,0
12.6419,0.25,1.04956,1.14876e-09,187.454,0
12.6419,0.35,4.07261e-31,6.23466e-30,187.454,3
12.6419,0.05,2.09912,4.59925e-10,187.454,0
12.7417,-0.35,4.07261e-31,-6.11856e-30,183.963,3
12.7417,-0.25,1.04956,-1.12598e-09,183.963,0
12.6704,-0.15,1.74927,-1.14112e-09,186.457,0
12.5992,-0.05,2.09912,-4.63646e-10,188.95,0
12.5422,0.15,1.74927,1.17031e-09,190.945,0
12.5422,0.25,1.04956,1.16699e-09,190.945,0
12.5422,0.35,4.07261e-31,6.35077e-30,190.945,3
12.4994,0.05,2.09912,4.72453e-10,192.441,0
12.4424,0.15,1.74927,1.18902e-09,194.436,0
12.6419,-0.35,4.07261e-31,-6.23466e-30,187.454,3
12.6419,-0.25,1.04956,-1.14781e-09,187.454,0
12.5422,-0.15,1.74927,-1.16941e-09,190.945,0
12.4851,-0.05,2.09912,-4.73466e-10,192.94,0
12.4424,0.25,1.04956,1.18954e-09,194.436,0
12.4424,0.35,4.07261e-31,6.46687e-30,194.436,3
12.421,0.05,2.09912,4.78465e-10,195.184,0
12.3711,0.15,1.74927,1.20545e-09,196.929,0
12.5422,-0.25,1.04956,-1.16655e-09,190.945,0
12.5422,-0.35,4.07261e-31,-6.35077e-30,190.945,3
12.4424,-0.15,1.74927,-1.19088e-09,194.436,0
12.3996,-0.05,2.09912,-4.79231e-10,195.932,0
12.3426,0.25,1.04956,1.21379e-09,197.927,0
12.3426,0.35,4.07261e-31,6.58297e-30,197.927,3
12.3426,0.05,2.09912,4.83935e-10,197.927,0
12.2927,0.15,1.74927,1.22356e-09,199.672,0
12.4424,-0.25,1.04956,-1.19038e-09,194.436,0
12.4424,-0.35,4.07261e-31,-6.46687e-30,194.436,3
12.3426,-0.25,1.04956,-1.21432e-09,197.927,0
12.3141,-0.15,1.74927,-1.21846e-09,198.924,0
12.2998,-0.05,2.09912,-4.89305e-10,199.423,0
12.2428,0.25,1.04956,1.23007e-09,201.417,0
12.2428,0.35,4.07261e-31,6.69908e-30,201.417,3
12.2143,0.15,1.74927,1.24065e-09,202.415,0
12.2428,0.05,2.09912,4.91253e-10,201.417,0
12.3426,-0.35,4.07261e-31,-6.58297e-30,197.927,3
12.2428,-0.35,4.07261e-31,-6.69908e-30,201.417,3
12.2428,-0.25,1.04956,-1.22975e-09,201.417,0
12.2428,-0.15,1.74927,-1.23344e-09,201.417,0
12.1858,-0.05,2.09912,-4.97949e-10,203.412,0
12.143,0.35,4.07261e-31,6.81518e-30,204.908,3
12.143,0.15,1.74927,1.25447e-09,204.908,0
12.143,0.25,1.04956,1.25484e-09,204.908,0
12.143,0.05,2.09912,5.02176e-10,204.908,0
12.143,-0.35,4.07261e-31,-6.81518e-30,204.908,3
12.143,-0.25,1.04956,-1.25667e-09,204.908,0
12.1145,-0.15,1.74927,-1.26132e-09,205.906,0
12.0433,-0.05,2.09912,-5.11979e-10,208.399,0
12.0433,0.35,4.07261e-31,6.93128e-30,208.399,3
12.029,0.25,1.04956,1.27899e-09,208.898,0
12.0718,0.15,1.74927,1.26884e-09,207.402,0
12.0433,0.05,2.09912,5.0938e-10,208.399,0
11.9791,-0.1,1.96793,-9.67983e-10,210.643,0
12.0433,-0.35,4.07261e-31,-6.93128e-30,208.399,3
12.0433,-0.25,1.04956,-1.27208e-09,208.399,0
12.0433,-0.15,1.74927,-1.27623e-09,208.399,0
11.9007,-0.05,2.09912,-5.24182e-10,213.386,0
11.9435,0.05,2.09912,5.17701e-10,211.89,0
11.9435,0.35,4.07261e-31,7.04738e-30,211.89,3
11.9435,0.25,1.04956,1.29634e-09,211.89,0
11.9435,0.15,1.74927,1.29749e-09,211.89,0
11.915,-0.15,1.74927,-1.30379e-09,212.887,0
11.9435,-0.35,4.07261e-31,-7.04738e-30,211.89,3
11.9435,-0.25,1.04956,-1.2989e-09,211.89,0
11.8437,-0.15,1.74927,-1.31892e-09,215.381,0
11.7867,-0.05,2.09912,-5.31179e-10,217.375,0
11.8437,0.05,2.09912,5.24934e-10,215.381,0
11.8437,0.25,1.04956,1.316e-09,215.381,0
11.8437,0.35,4.07261e-31,7.16349e-30,215.381,3
11.8152,0.15,1.74927,1.32575e-09,216.378,0
11.8437,-0.25,1.04956,-1.3146e-09,215.381,0
11.8437,-0.35,4.07261e-31,-7.16349e-30,215.381,3
11.7439,-0.25,1.04956,-1.34112e-09,218.871,0
11.7154,-0.15,1.74927,-1.34357e-09,219.869,0
11.7439,0.35,4.07261e-31,7.27959e-30,218.871,3
11.7012,-0.05,2.09912,-5.36931e-10,220.367,0
11.7439,0.15,1.74927,1.3401e-09,218.871,0
11.7439,0.05,2.09912,5.36564e-10,218.871,0
11.7439,0.25,1.04956,1.34034e-09,218.871,0
11.7439,-0.35,4.07261e-31,-7.27959e-30,218.871,3
11.6441,-0.35,4.07261e-31,-7.39569e-30,222.362,3
11.6441,-0.15,1.74927,-1.35571e-09,222.362,0
11.6441,-0.25,1.04956,-1.35468e-09,222.362,0
11.6441,0.35,4.07261e-31,7.39569e-30,222.362,3
11.6441,0.05,2.09912,5.46429e-10,222.362,0
11.5871,-0.05,2.09912,-5.36586e-10,224.357,0
11.6299,0.25,1.04956,1.36268e-09,222.861,0
11.6441,0.15,1.74927,1.36072e-09,222.362,0
11.5444,-0.35,4.07261e-31,-7.5118e-30,225.853,3
11.5444,-0.25,1.04956,-1.37678e-09,225.853,0
11.5444,-0.15,1.74927,-1.36206e-09,225.853,0
11.5016,-0.05,2.09912,-5.27757e-10,227.349,0
11.5444,0.25,1.04956,1.37693e-09,225.853,0
11.5444,0.35,4.07261e-31,7.5118e-30,225.853,3
11.5444,0.05,2.09912,5.59106e-10,225.853,0
11.5444,0.15,1.74927,1.38249e-09,225.853,0
11.4446,0.05,2.09912,5.75448e-10,229.344,0
11.4232,-0.05,2.09912,-5.06166e-10,230.092,0
11.4446,-0.25,1.04956,-1.37901e-09,229.344,0
11.4446,-0.35,4.07261e-31,-7.6279e-30,229.344,3
11.4446,-0.15,1.74927,-1.3547e-09,229.344,0
11.4588,0.25,1.04956,1.39172e-09,228.845,0
11.4446,0.35,4.07261e-31,7.6279e-30,229.344,3
11.4446,0.15,1.74927,1.39281e-09,229.344,0
11.3662,0.05,2.09912,5.91373e-10,232.087,0
11.3448,-0.05,2.09912,-4.72406e-10,232.835,0
11.3591,-0.25,1.04956,-1.37546e-09,232.336,0
11.3448,-0.35,4.07261e-31,-7.744e-30,232.835,3
11.3163,-0.15,1.74927,-1.29546e-09,233.832,0
11.3448,0.15,1.74927,1.39593e-09,232.835,0
11.3448,0.35,4.07261e-31,7.744e-30,232.835,3
11.3448,0.25,1.04956,1.39777e-09,232.835,0
11.245,0.35,4.07261e-31,7.86011e-30,236.325,3
11.2878,0.05,2.09912,6.15303e-10,234.829,0
11.245,-0.05,2.09912,-4.16238e-10,236.325,0
11.245,-0.25,1.04956,-1.34863e-09,236.325,0
11.245,-0.35,4.07261e-31,-7.86011e-30,236.325,3
11.245,-0.15,1.74927,-1.24778e-09,236.325,0
11.2735,0.15,1.74927,1.39515e-09,235.328,0
11.245,0.25,1.04956,1.39841e-09,236.325,0
11.1452,0.35,4.07261e-31,7.97621e-30,239.816,3
11.2023,0.05,2.09912,6.70918e-10,237.822,0
11.1452,-0.05,2.09912,-4.24224e-10,239.816,0
11.1595,-0.25,1.04956,-1.34412e-09,239.318,0
11.1452,-0.35,4.07261e-31,-7.97621e-30,239.816,3
11.1167,-0.15,1.74927,-1.39086e-09,240.814,0
11.1452,0.15,1.74927,1.55139e-09,239.816,0
11.1452,0.25,1.04956,1.43426e-09,239.816,0
11.0455,0.35,4.07261e-31,8.09231e-30,243.307,3
11.0882,0.05,2.09912,1.00233e-09,241.811,0
11.0455,-0.05,2.09912,-8.5548e-10,243.307,0
11.0455,-0.25,1.04956,-1.70946e-09,243.307,0
11.0455,-0.35,4.07261e-31,-8.09231e-30,243.307,3
11.0455,-0.15,1.74927,-2.03015e-09,243.307,0
11.0312,0.25,1.04956,1.8466e-09,243.806,0
11.074,0.15,1.74927,2.03688e-09,242.31,0
10.9457,0.25,1.04956,3.52908e-09,246.798,0
10.9457,0.35,4.07261e-31,8.20842e-30,246.798,3
11.0027,0.05,2.09912,1.96012e-09,244.803,0
10.9457,-0.05,2.09912,-3.09638e-09,246.798,0
10.8459,-0.35,4.07261e-31,-8.32452e-30,250.289,3
10.9599,-0.25,1.04956,-2.87704e-09,246.299,0
10.9457,-0.35,4.07261e-31,-8.20842e-30,246.798,3
10.9172,-0.15,1.74927,-8.14423e-09,247.795,0
10.9457,0.15,1.74927,6.23192e-09,246.798,0
10.8602,0.25,1.04956,8.50102e-09,249.79,0
10.8459,0.35,4.07261e-31,8.32452e-30,250.289,3
10.8887,0.05,2.09912,6.75382e-09,248.793,0
10.8031,-0.05,2.09912,-1.6914e-08,251.785,0
10.7461,-0.35,4.07261e-31,-8.44062e-30,253.78,3
10.8317,-0.25,1.04956,-1.11975e-08,250.787,0
10.8174,-0.15,1.74927,-2.68221e-08,251.286,0
10.8459,0.15,1.74927,1.92953e-08,250.289,0
10.7604,0.25,1.04956,2.50368e-08,253.281,0
10.7461,0.35,4.07261e-31,8.44062e-30,253.78,3
10.7889,0.05,2.09912,1.95889e-08,252.283,0
10.6464,-0.35,4.07261e-31,-8.55673e-30,257.27,3
10.7248,-0.05,2.09912,-3.9145e-08,254.528,0
10.7461,-0.15,1.74927,-5.88002e-08,253.78,0
10.7461,-0.25,1.04956,-2.91793e-08,253.78,0
10.7461,0.15,1.74927,5.76492e-08,253.78,0
10.6464,0.25,1.04956,8.14017e-08,257.27,0
10.6464,0.35,4.07261e-31,8.55673e-30,257.27,3
10.5466,-0.35,4.07261e-31,-8.67283e-30,260.761,3
10.7034,0.05,2.09912,4.78233e-08,255.276,0
10.6321,-0.25,1.04956,-9.21912e-08,257.769,0
10.6464,-0.05,2.09912,-8.32518e-08,257.27,0
10.6749,-0.15,1.74927,-1.22098e-07,256.273,0
10.5466,-0.25,1.04956,-1.93983e-07,260.761,0
10.6464,0.15,1.74927,1.54087e-07,257.27,0
10.5608,0.25,1.04956,1.72307e-07,260.262,0
10.5466,0.35,4.07261e-31,8.67283e-30,260.761,3
10.4468,-0.35,4.07261e-31,-8.78893e-30,264.252,3
10.5893,0.05,2.09912,1.22295e-07,259.265,0
10.568,-0.05,2.09912,-1.53648e-07,260.013,0
10.4325,-0.25,1.04956,-3.89738e-07,264.751,0
10.5466,-0.15,1.74927,-3.51373e-07,260.761,0
10.4896,-0.2,1.44315,-4.6054e-07,262.756,0
10.5466,0.15,1.74927,3.49609e-07,260.761,0
10.4468,0.25,1.04956,3.5474e-07,264.252,0
10.4468,0.35,4.07261e-31,8.78893e-30,264.252,3
10.347,-0.35,4.0726e-31,-8.90503e-30,267.743,3
10.5038,0.05,2.09913,2.0616e-07,262.257,0
10.4896,-0.05,2.09913,-2.35736e-07,262.756,0
10.347,-0.25,1.04956,-3.0387e-07,267.743,0
10.4183,-0.15,1.74927,-5.59127e-07,265.249,0
10.4468,0.15,1.74927,5.61774e-07,264.252,0
10.347,0.35,4.0726e-31,8.90503e-30,267.743,3
10.3613,0.25,1.04956,3.86806e-07,267.244,0
10.2472,-0.35,4.07259e-31,-9.02113e-30,271.233,3
10.2472,-0.25,1.04956,1.36089e-06,271.233,0
10.3898,0.05,2.09913,9.34833e-08,266.247,0
10.404,-0.05,2.09913,-2.04781e-07,265.748,0
10.347,-0.15,1.74927,-8.18166e-08,267.743,0
10.347,0.15,1.74927,9.07387e-08,267.743,0
10.2187,-0.15,1.74927,7.70569e-06,272.231,0
10.2472,0.35,4.07259e-31,9.02114e-30,271.233,3
10.2472,0.25,1.04956,-1.38457e-06,271.233,0
10.1475,-0.35,4.0724e-31,-9.13723e-30,274.724,3
10.1475,-0.25,1.04957,9.70876e-06,274.724,0
10.3043,0.05,2.09913,-8.53595e-07,269.239,0
10.29,-0.05,2.09913,1.09331e-06,269.738,0
10.1902,0.2,1.44315,-9.9072e-06,273.228,0
10.2472,0.15,1.74927,-4.68957e-06,271.234,0
10.0904,-0.2,1.44317,4.58765e-05,276.719,0
10.1475,-0.15,1.74927,2.50798e-05,274.724,0
10.2045,-0.05,2.09912,5.68235e-06,272.73,0
10.1475,0.35,4.07241e-31,9.13723e-30,274.724,3
10.1332,0.25,1.04957,-1.25774e-05,275.223,0
10.0477,-0.35,4.07325e-31,-9.2533e-30,278.214,3
10.0334,-0.25,1.04963,6.06514e-05,278.714,0
10.1902,0.05,2.09912,-7.25094e-06,273.228,0
10.119,0.15,1.74928,-3.66048e-05,275.722,0
10.0192,-0.15,1.74928,0.000125667,279.213,0
10.0904,-0.0499998,2.09909,2.72305e-05,276.719,0
10.0477,0.25,1.04962,-5.01269e-05,278.215,0
10.0477,0.35,4.07326e-31,9.2533e-30,278.214,3
10.0477,0.15,1.74928,-8.99173e-05,278.216,0
9.9479,-0.350001,4.08566e-31,-9.36936e-30,281.705,3
9.9479,-0.25,1.04973,0.000185701,281.707,0
10.0477,0.0499999,2.09906,-4.50707e-05,278.215,0
9.9479,-0.15,1.74926,0.000263955,281.707,0
10.0049,-0.0499995,2.09902,7.01296e-05,279.712,0
9.96215,0.250001,1.0497,-0.000158341,281.208,0
9.9479,0.350001,4.08562e-31,9.36937e-30,281.705,3
9.9479,0.15,1.74926,-0.00026322,281.707,0
9.84812,-0.15001,1.74912,0.000598967,285.198,0
9.84812,-0.350023,4.12549e-31,-9.48555e-30,285.203,3
9.86238,-0.25002,1.04976,0.000455615,284.702,0
9.90514,0.0499903,2.09883,-0.000167093,283.202,0
9.89088,-0.0500132,2.09874,0.000188197,283.701,0
9.84812,0.250017,1.04984,-0.000506327,285.201,0
9.84812,0.350023,4.12548e-31,9.48552e-30,285.203,3
9.81961,0.149987,1.74918,-0.000739095,286.196,0
9.74834,-0.350104,4.19873e-31,-9.60164e-30,288.703,3
9.7911,-0.0500493,2.09816,0.000375919,287.19,0
9.77685,-0.150068,1.74865,0.000975392,287.692,0
9.73409,-0.25005,1.0501,0.00116141,289.195,0
9.80536,0.0499689,2.09839,-0.000340884,286.692,0
9.74834,0.250074,1.04979,-0.00105272,288.696,0
9.74834,0.350104,4.19834e-31,9.6017e-30,288.704,3
9.74834,0.150045,1.74868,-0.00116511,288.688,0
9.64856,-0.350276,4.30108e-31,-9.7178e-30,292.207,3
9.70558,-0.0499412,2.09756,0.000601905,290.179,0
9.64856,-0.150118,1.74781,0.00192051,292.177,0
9.64856,-0.250197,1.04944,0.00185272,292.19,0
9.69133,0.050113,2.0971,-0.000643212,290.677,0
9.66282,0.250221,1.04911,-0.00171335,291.691,0
9.64856,0.350276,4.30135e-31,9.7178e-30,292.208,3
9.64856,0.150118,1.74781,-0.00193475,292.175,0
9.54878,-0.350568,4.43118e-31,-9.83374e-30,295.71,3
9.54878,-0.250406,1.04873,0.00282429,295.68,0
9.6058,-0.049914,2.09615,0.000940596,293.66,0
9.54878,-0.150244,1.74634,0.0029107,295.657,0
9.59155,0.0502066,2.09536,-0.00100271,294.158,0
9.54878,0.350568,4.43119e-31,9.83377e-30,295.711,3
9.56304,0.250448,1.04817,-0.00267535,295.181,0
9.54878,0.150244,1.74632,-0.00291623,295.657,0
9.44901,-0.351008,4.58451e-31,-9.94939e-30,299.206,3
9.46326,-0.250782,1.04673,0.00381723,298.662,0
9.44901,-0.150432,1.74413,0.00405912,299.127,0
9.49177,-0.0503323,2.09287,0.00142988,297.628,0
9.44901,0.0501439,2.09195,-0.00161689,299.113,0
9.44901,0.351008,4.58498e-31,9.94934e-30,299.204,3
9.44901,0.25072,1.04755,-0.00400254,299.158,0
9.4205,0.150258,1.74463,-0.0044084,300.116,0
9.34923,-0.351616,4.75815e-31,-1.00645e-29,302.687,3
9.34923,-0.251154,1.04583,0.0052864,302.625,0
9.34923,-0.150693,1.74111,0.00537649,302.583,0
9.39199,-0.0504917,2.08938,0.00192404,301.087,0
9.34923,0.0502309,2.0882,-0.00214808,302.562,0
9.34923,0.351616,4.75829e-31,1.00644e-29,302.683,3
9.33497,0.251041,1.04715,-0.00551529,303.118,0
9.34923,0.150693,1.74108,-0.00536084,302.584,0
9.24945,-0.151034,1.73717,0.00676369,306.019,0
9.24945,-0.352413,4.94944e-31,-1.0179e-29,306.152,3
9.2637,-0.251837,1.04212,0.00652117,305.58,0
9.24945,-0.0503447,2.08342,0.0027255,305.993,0
9.24945,0.0503447,2.0834,-0.00271088,305.993,0
9.24945,0.352413,4.9493e-31,1.01789e-29,306.149,3
9.23519,0.251581,1.04521,-0.00697328,306.561,0
9.24945,0.151034,1.73714,-0.00678008,306.02,0
9.17818,-0.151749,1.73154,0.00785777,308.458,0
9.14967,-0.353414,5.15481e-31,-1.02926e-29,309.592,3
9.14967,-0.252438,1.04065,0.00827916,309.496,0
9.14967,-0.0504877,2.07743,0.0033211,309.395,0
9.14967,0.0504876,2.07739,-0.00332191,309.398,0
9.14967,0.353414,5.15487e-31,1.02925e-29,309.589,3
9.12116,0.151115,1.73317,-0.00871749,310.397,0
9.14967,0.252438,1.0406,-0.00829427,309.492,0
9.04989,-0.151985,1.72632,0.00985538,312.807,0
9.04989,-0.354631,5.37245e-31,-1.04052e-29,313.005,3
9.04989,-0.253308,1.03708,0.00991078,312.884,0
9.04989,-0.0506616,2.07021,0.00397087,312.77,0
9.00713,0.0500428,2.06805,-0.00419046,314.202,0
9.04989,0.151985,1.72624,-0.00988063,312.806,0
9.04989,0.354631,5.37166e-31,1.04051e-29,313,3
9.03563,0.253102,1.03947,-0.0101308,313.364,0
8.97862,-0.153016,1.71827,0.0110646,315.198,0
8.95011,-0.356075,5.59731e-31,-1.05164e-29,316.37,3
8.93585,-0.2541,1.03565,0.011793,316.713,0
8.92873,0.0505751,2.06046,-0.00470065,316.811,0
8.90735,-0.050149,2.0593,0.00478781,317.519,0
8.95011,0.254339,1.03289,-0.0115061,316.239,0
8.95011,0.152604,1.71924,-0.011508,316.148,0
8.95011,0.356075,5.59668e-31,1.05164e-29,316.371,3
8.85033,-0.255537,1.02802,0.0131652,319.549,0
8.85033,-0.153322,1.71127,0.0131585,319.445,0
8.85033,-0.357752,5.82814e-31,-1.06263e-29,319.7,3
8.82895,-0.050765,2.05065,0.00534943,320.089,0
8.85033,0.0511074,2.0522,-0.00523759,319.393,0
8.85033,0.357752,5.8291e-31,1.06264e-29,319.706,3
8.82182,0.152775,1.71264,-0.0135917,320.377,0
8.86458,0.255777,1.0252,-0.0129184,319.079,0
8.75055,-0.051381,2.04134,0.00592655,322.634,0
8.75055,-0.154143,1.70213,0.0147814,322.693,0
8.7648,-0.257178,1.01931,0.0145594,322.346,0
8.75055,-0.359667,6.06402e-31,-1.07347e-29,322.987,3
8.75055,0.359667,6.06427e-31,1.07347e-29,322.989,3
8.75055,0.154143,1.70209,-0.014796,322.694,0
8.75055,0.051381,2.04128,-0.00593148,322.637,0
8.75055,0.256905,1.02251,-0.0148681,322.809,0
8.65077,-0.361821,6.29888e-31,-1.0841e-29,326.207,3
8.67215,-0.0522184,2.03098,0.00651343,325.144,0
8.67928,-0.155682,1.69051,0.015995,324.981,0
8.65077,-0.258444,1.01642,0.0164776,326.017,0
8.65077,0.361821,6.29895e-31,1.0841e-29,326.205,3
8.60801,0.0506633,2.02568,-0.00669594,327.173,0
8.63652,0.258102,1.02019,-0.0167504,326.467,0
8.65077,0.155066,1.69197,-0.016418,325.888,0
8.56525,-0.260494,1.00574,0.0178049,328.717,0
8.55099,-0.364213,6.5331e-31,-1.09455e-29,329.373,3
8.59375,-0.0530559,2.0198,0.00707399,327.623,0
8.55099,-0.156091,1.68099,0.0180008,329.024,0
8.52248,-0.000324992,2.05381,-1.99382e-05,329.827,0
8.53674,0.0778832,1.96226,-0.0106014,329.41,0
8.55099,0.364213,6.5324e-31,1.09454e-29,329.366,3
8.55099,0.260152,1.00959,-0.01805,329.165,0
8.55099,0.156091,1.6808,-0.0180216,329.022,0
8.47972,-0.157969,1.66708,0.0191845,331.225,0
8.45121,-0.26203,1.00231,0.019588,332.245,0
8.45121,-0.366842,6.76254e-31,-1.10479e-29,332.471,3
8.45121,-0.0524059,2.00179,0.00780687,332.021,0
8.45121,0.0524059,2.00169,-0.0077821,332.019,0
8.45121,0.366842,6.76346e-31,1.10481e-29,332.481,3
8.4227,0.156401,1.67087,-0.0198695,332.957,0
8.45121,0.26203,1.00225,-0.0196398,332.243,0
8.35143,-0.158443,1.65603,0.0209533,335.097,0
8.35143,-0.264071,0.994415,0.0210392,335.256,0
8.35143,-0.3697,6.98616e-31,-1.11479e-29,335.498,3
8.35143,-0.0528143,1.98629,0.00841428,335.016,0
8.35143,0.0528143,1.98633,-0.00841099,335.015,0
8.28284,0.125201,1.78808,-0.0186075,337.083,0
8.35143,0.158443,1.65586,-0.0209594,335.101,0
8.35143,0.3697,6.98584e-31,1.11478e-29,335.494,3
8.33718,0.263631,0.999114,-0.0213207,335.678,0
8.28016,-0.160644,1.64022,0.0220393,337.198,0
8.25165,-0.266273,0.986036,0.0224309,338.2,0
8.25165,-0.372782,7.20077e-31,-1.12456e-29,338.455,3
8.25165,-0.0532546,1.9701,0.0089077,337.944,0
8.18929,-0.0952555,1.87126,0.0156674,339.76,0
8.2766,0.0255828,2.00577,-0.00430795,337.21,0
8.21424,0.0919594,1.88355,-0.015027,339.046,0
8.22671,0.185567,1.51248,-0.0242229,338.785,0
8.25165,0.372782,7.20012e-31,1.12455e-29,338.448,3
8.25165,0.266273,0.986046,-0.0224229,338.201,0
8.15188,-0.188039,1.49586,0.0252725,340.927,0
8.15188,-0.376078,7.40551e-31,-1.13409e-29,341.34,3
8.1394,-0.281621,0.87809,0.0224723,341.442,0
8.11446,-0.0927071,1.86708,0.0158511,341.867,0
8.20177,-0.00164802,2.00227,0.000290445,339.375,0
8.15188,0.188039,1.49578,-0.0253005,340.919,0
8.08951,0.0962067,1.85427,-0.0164943,342.569,0
8.15188,0.376078,7.40575e-31,1.13408e-29,341.333,3
8.15188,0.282058,0.873046,-0.0221742,341.091,0
8.0521,0.379577,7.59773e-31,1.14334e-29,344.136,3
8.0521,-0.189789,1.48199,0.0265043,343.703,0
8.03339,-0.0942621,1.85086,0.0165334,344.11,0
8.0521,-0.284683,0.864802,0.0232371,343.884,0
8.0521,-0.379577,7.59705e-31,-1.14332e-29,344.124,3
8.0521,-1.74498e-09,1.97538,-1.48548e-05,343.574,0
8.01468,0.0935103,1.84986,-0.0165382,344.619,0
8.07704,0.190664,1.47848,-0.0262604,343.02,0
8.0521,0.284683,0.864809,-0.0233175,343.882,0
7.95232,0.383268,7.77561e-31,1.15233e-29,346.846,3
7.97726,-0.192557,1.46408,0.0274002,345.74,0
7.95232,-0.0958171,1.83434,0.0172177,346.299,0
7.95232,-0.287451,0.856365,0.0242101,346.592,0
7.95232,-0.383268,7.77606e-31,-1.15234e-29,346.85,3
7.90243,-0.00193419,1.94701,0.000376481,347.591,0
7.9149,0.0943664,1.83213,-0.0171907,347.293,0
7.95232,0.191634,1.46772,-0.0275718,346.412,0
7.93985,0.286968,0.861734,-0.0244481,346.922,0
7.85254,0.387137,7.93812e-31,1.16107e-29,349.484,3
7.87748,-0.194535,1.44926,0.0283929,348.391,0
7.87125,-0.0975603,1.81719,0.0178266,348.437,0
7.85254,-0.290352,0.847618,0.0250672,349.223,0
7.85254,-0.387137,7.93788e-31,-1.16107e-29,349.485,3
7.80265,-0.00201542,1.92731,0.0003915,350.169,0
7.81512,0.0952726,1.81388,-0.0176793,349.885,0
7.85254,0.193568,1.45289,-0.0285397,349.037,0
7.85254,0.290352,0.847589,-0.0250753,349.224,0
7.75276,0.391167,8.08301e-31,1.16954e-29,352.038,3
7.75276,-0.195584,1.43803,0.0293437,351.584,0
7.79018,-0.0993034,1.79984,0.0184289,350.525,0
7.75276,-0.293376,0.838744,0.0257623,351.771,0
7.75276,-0.391167,8.08304e-31,-1.16954e-29,352.038,3
7.73405,0.0970544,1.79634,-0.0182343,351.934,0
7.70287,-0.00208852,1.90742,0.000397824,352.674,0
7.72782,0.194539,1.44181,-0.0294461,352.206,0
7.74029,0.292853,0.844256,-0.0259804,352.085,0
7.65298,0.395344,8.20935e-31,1.17775e-29,354.511,3
7.67793,-0.198717,1.4189,0.0299416,353.44,0
7.6904,-0.100403,1.78104,0.0189167,353.021,0
7.66545,-0.29703,0.82415,0.0261511,353.94,0
7.65298,-0.395344,8.20956e-31,-1.17775e-29,354.512,3
7.60309,-0.00215299,1.88726,0.000450574,355.101,0
7.65298,0.0988361,1.77862,-0.0187389,353.936,0
7.62804,0.196596,1.42659,-0.030089,354.654,0
7.64051,0.29597,0.835264,-0.0265178,354.54,0
7.5532,0.39965,8.31629e-31,1.1857e-29,356.904,3
7.57815,-0.200902,1.40355,0.030518,355.853,0
7.59062,-0.101527,1.76193,0.019285,355.442,0
7.5532,-0.299738,0.820618,0.0267794,356.632,0
7.5532,-0.39965,8.31626e-31,-1.1857e-29,356.904,3
7.50331,-0.00220838,1.86698,0.000430945,357.45,0
7.51579,0.0982563,1.75742,-0.0188109,357.201,0
7.5532,0.199825,1.40725,-0.0305449,356.44,0
7.54073,0.299186,0.826221,-0.0269945,356.924,0
7.45342,0.404067,8.40184e-31,1.19339e-29,359.214,3
7.44095,0.302487,0.817049,-0.0273038,359.227,0
7.47837,-0.203138,1.38801,0.0309315,358.185,0
7.45342,-0.101017,1.7407,0.0192832,358.638,0
7.45342,-0.30305,0.811464,0.0271204,358.944,0
7.45342,-0.404067,8.40167e-31,-1.19339e-29,359.215,3
7.43472,0.1002,1.73932,-0.0191453,359.057,0
7.40353,-0.0022543,1.84665,0.000465553,359.724,0
7.42848,0.200906,1.39581,-0.0308922,359.315,0
7.35365,0.408576,8.4653e-31,1.20083e-29,361.45,3
7.34117,0.305859,0.807935,-0.0274639,361.45,0
7.37235,-0.103012,1.72262,0.0195938,360.457,0
7.35365,-0.408576,8.46551e-31,-1.20083e-29,361.45,3
7.35365,-0.204288,1.37665,0.0311183,360.987,0
7.36612,-0.306995,0.796756,0.0271561,360.905,0
7.35365,0.102144,1.72151,-0.0194274,360.87,0
7.30376,-0.00229044,1.82642,0.000449096,361.923,0
7.3287,0.203143,1.38037,-0.0310898,361.531,0
7.25387,0.413157,8.50653e-31,1.20802e-29,363.609,3
7.25387,0.309867,0.793251,-0.0273599,363.341,0
7.29128,-0.105007,1.70471,0.0198637,362.236,0
7.25387,-0.413157,8.5063e-31,-1.20801e-29,363.607,3
7.21645,-0.156086,1.55217,0.0269026,363.878,0
7.26634,-0.31044,0.787787,0.027233,363.077,0
7.27881,-0.207724,1.3573,0.0312886,362.619,0
7.20398,-0.00231657,1.80634,0.000447021,364.052,0
7.25387,0.103289,1.70249,-0.0194828,363.038,0
7.22892,0.20542,1.36505,-0.0311502,363.676,0
7.15409,0.41779,8.52393e-31,1.21497e-29,365.695,3
7.12914,0.207729,1.34985,-0.0310382,365.753,0
7.14162,0.312759,0.789816,-0.0274166,365.682,0
7.15409,-0.41779,8.52411e-31,-1.21497e-29,365.692,3
7.15409,-0.104447,1.68391,0.0194851,365.129,0
7.16656,-0.313921,0.778872,0.0271769,365.174,0
7.15409,-0.208895,1.34623,0.0311628,365.243,0
7.1042,-0.0023325,1.78654,0.000494077,366.11,0
7.11667,0.102698,1.68151,-0.0190981,365.895,0
7.05431,0.422455,8.51725e-31,1.22169e-29,367.708,3
7.05431,0.211227,1.33115,-0.0309632,367.259,0
7.04322,0.328056,0.705347,-0.025515,367.692,0
7.05431,-0.422455,8.51729e-31,-1.22169e-29,367.706,3
7.02936,-0.0248959,1.76578,0.00482801,367.614,0
7.05431,-0.316841,0.775545,0.0271586,367.45,0
7.05431,-0.105614,1.66526,0.0193318,367.153,0
7.07925,-0.212394,1.32735,0.0311111,366.765,0
7.00996,0.0448611,1.74837,-0.00859748,368.003,0
7.02105,0.139259,1.57859,-0.0240924,367.843,0
6.95453,0.427131,8.48708e-31,1.22819e-29,369.653,3
6.95453,0.332213,0.692418,-0.0251141,369.423,0
6.95453,0.237295,1.21343,-0.0314148,369.25,0
6.95453,-0.427131,8.48667e-31,-1.22821e-29,369.663,3
6.94344,-0.331694,0.697465,0.025276,369.634,0
6.95453,-0.047459,1.7357,0.00895147,369.079,0
6.95453,-0.237295,1.21343,0.0314067,369.256,0
6.95453,-0.142377,1.56148,0.0242165,369.142,0
6.8991,0.0500517,1.72317,-0.00930666,370.143,0
6.88801,0.145488,1.5445,-0.0242575,370.413,0
6.85475,0.431798,8.43185e-31,1.23447e-29,371.531,3
6.86584,0.336361,0.679827,-0.0246734,371.108,0
6.81595,0.193201,1.38629,-0.0285312,371.802,0
6.87692,0.240925,1.19568,-0.0310615,370.734,0
6.85475,-0.239888,1.20019,0.0309621,371.143,0
6.85475,-0.431798,8.43198e-31,-1.23447e-29,371.531,3
6.85475,-0.335843,0.684793,0.0247278,371.312,0
6.87693,-0.0490063,1.72012,0.00906876,370.558,0
6.85475,-0.143933,1.54459,0.0238607,371.031,0
6.81041,0.0459167,1.71094,-0.00836297,371.797,0
6.75497,0.145478,1.52834,-0.0233999,372.867,0
6.75497,0.436435,8.35234e-31,1.24058e-29,373.359,3
6.75497,0.339449,0.677424,-0.0243429,373.139,0
6.7328,0.241444,1.1916,-0.0301798,373.373,0
6.77715,-0.243494,1.18309,0.0305269,372.573,0
6.75497,-0.436435,8.35257e-31,-1.24057e-29,373.354,3
6.75497,-0.339449,0.677418,0.0242866,373.136,0
6.79932,-0.0505535,1.70486,0.00915649,372.004,0
6.75497,-0.145478,1.52829,0.0234045,372.865,0
6.71063,0.0464544,1.69303,-0.00821151,373.608,0
6.65519,0.147007,1.5124,-0.0228764,374.64,0
6.65519,0.441021,8.2482e-31,1.24646e-29,375.114,3
6.64411,0.342514,0.674858,-0.023772,375.095,0
6.63302,0.244008,1.17896,-0.0294709,375.13,0
6.67737,-0.246031,1.17084,0.0298374,374.36,0
6.65519,-0.441021,8.24845e-31,-1.24645e-29,375.11,3
6.65519,-0.343016,0.670275,0.0237303,374.903,0
6.69954,-0.0510407,1.68714,0.00896146,373.806,0
6.67182,-0.147748,1.51245,0.0230741,374.348,0
6.61085,0.0469953,1.67567,-0.00800219,375.361,0
6.55542,0.148512,1.49714,-0.0222462,376.363,0
6.55542,0.445537,8.12109e-31,1.25216e-29,376.813,3
6.55542,0.346529,0.663379,-0.0230398,376.617,0
6.53324,0.246537,1.16691,-0.0286336,376.836,0
6.58868,-0.150017,1.49701,0.0226974,375.797,0
6.55542,-0.24752,1.16308,0.0288447,376.465,0
6.55542,-0.445537,8.12081e-31,-1.25218e-29,376.822,3
6.55542,-0.346529,0.663377,0.0230958,376.615,0
6.59976,-0.0515111,1.66992,0.00872014,375.557,0
6.45564,0.449962,7.96972e-31,1.25772e-29,378.475,3
6.51107,0.0475371,1.65893,-0.00779707,377.062,0
6.45564,0.149987,1.48245,-0.0215637,378.034,0
6.45564,0.249979,1.15157,-0.0279234,378.131,0
6.45564,0.349971,0.65678,-0.0223519,378.275,0
6.4889,-0.151463,1.48233,0.0220252,377.484,0
6.45564,-0.249979,1.15157,0.0279385,378.13,0
6.45564,-0.449962,7.96959e-31,-1.25771e-29,378.471,3
6.44455,-0.349491,0.661032,0.0223579,378.456,0
6.45564,-0.0499958,1.64825,0.00798705,377.988,0
6.35586,0.454279,7.79574e-31,1.26309e-29,380.073,3
6.4002,0.0523939,1.63767,-0.00814281,378.893,0
6.35586,0.151426,1.46841,-0.0207839,379.655,0
6.35586,0.252377,1.1406,-0.0269335,379.748,0
6.34477,0.352863,0.65452,-0.0215263,380.062,0
6.38912,-0.152841,1.46835,0.0212336,379.121,0
6.35586,-0.353328,0.650481,0.0215141,379.888,0
6.35586,-0.252377,1.14057,0.0269395,379.748,0
6.35586,-0.454279,7.79618e-31,-1.26308e-29,380.068,3
6.35586,-0.0504754,1.6326,0.00770463,379.609,0
6.25608,0.458468,7.60051e-31,1.26831e-29,381.624,3
6.31151,0.0486136,1.62756,-0.00726523,380.315,0
6.27271,0.153473,1.45507,-0.0201701,380.973,0
6.25608,0.254704,1.13018,-0.0258616,381.319,0
6.25608,0.356586,0.644478,-0.0206182,381.453,0
6.28934,-0.154219,1.45488,0.0204025,380.715,0
6.26717,-0.357052,0.64052,0.0206621,381.282,0
6.23391,-0.253806,1.13351,0.0255683,381.663,0
6.25608,-0.458468,7.60033e-31,-1.26831e-29,381.627,3
6.25608,-0.0509409,1.61776,0.0073923,381.19,0
6.1563,0.462512,7.38363e-31,1.27341e-29,383.146,3
6.1563,0.359732,0.638782,-0.0197311,382.975,0
6.23391,0.0500019,1.6154,-0.00717571,381.532,0
6.18956,0.155519,1.4422,-0.0195156,382.26,0
6.17847,0.25785,1.1169,-0.0249632,382.516,0
6.1563,-0.154171,1.44235,0.0190615,382.769,0
6.1563,-0.462512,7.38373e-31,-1.2734e-29,383.14,3
6.1563,-0.256951,1.12026,0.0246615,382.849,0
6.1563,-0.359732,0.638824,0.0197214,382.974,0
6.1563,-0.0513903,1.60366,0.00705358,382.726,0
6.05652,0.259109,1.11094,-0.0234471,384.342,0
6.05652,0.466396,7.14784e-31,1.27836e-29,384.615,3
6.04544,0.36234,0.63684,-0.0186833,384.621,0
6.05652,-0.466396,7.14795e-31,-1.27835e-29,384.613,3
6.1563,0.0513903,1.60362,-0.0070602,382.728,0
6.10641,0.154874,1.43612,-0.0185884,383.519,0
6.02326,0.15423,1.43028,-0.0176305,384.752,0
6.07315,-0.156054,1.43039,0.0183349,384.016,0
6.06761,-0.363184,0.629938,0.0187566,384.295,0
6.07869,-0.259972,1.10774,0.0237293,384.015,0
6.05652,-0.0518218,1.59035,0.00670911,384.224,0
5.95674,0.261168,1.10213,-0.022156,385.795,0
5.95674,0.470103,6.89371e-31,1.28319e-29,386.053,3
5.94566,0.365245,0.63159,-0.0176197,386.063,0
5.96783,-0.366048,0.625118,0.0177344,385.748,0
5.95674,-0.470103,6.89383e-31,-1.28319e-29,386.05,3
6.01218,0.0501741,1.58612,-0.00632055,384.879,0
5.94011,0.156051,1.41917,-0.0168468,385.961,0
5.99,-0.157937,1.41895,0.0175737,385.24,0
5.95674,-0.261168,1.10215,0.0221343,385.797,0
5.95674,-0.0522337,1.57784,0.00633096,385.685,0
5.85696,0.157873,1.40852,-0.0160549,387.148,0
5.85696,0.263122,1.09394,-0.0208057,387.216,0
5.85696,0.47362,6.62361e-31,1.28791e-29,387.454,3
5.85696,0.368371,0.62374,-0.016585,387.319,0
5.85696,-0.368371,0.623733,0.0166281,387.32,0
5.85696,-0.47362,6.6232e-31,-1.28791e-29,387.453,3
5.83701,-0.283509,1.01516,0.0205036,387.514,0
5.9124,0.0506705,1.57381,-0.00596835,386.324,0
5.89022,-0.159046,1.4084,0.0165445,386.678,0
5.85696,-0.0526245,1.56616,0.00594296,387.114,0
5.7971,0.0967127,1.51343,-0.0101534,387.967,0
5.75718,0.476935,6.33844e-31,1.29253e-29,388.825,3
5.78712,0.191768,1.32035,-0.0174347,388.144,0
5.75718,0.286161,1.00528,-0.0194036,388.623,0
5.76716,0.381879,0.561531,-0.0145592,388.576,0
5.75718,-0.476935,6.33802e-31,-1.29254e-29,388.831,3
5.74721,-0.381238,0.566874,0.0144889,388.849,0
5.75718,-0.190774,1.32137,0.0170085,388.56,0
5.73723,-0.285541,1.0079,0.0191107,388.896,0
5.80707,0.00165725,1.58021,-0.000188483,387.815,0
5.75718,-0.0953869,1.51145,0.00971538,388.522,0
5.69732,0.0972476,1.50349,-0.00943634,389.345,0
5.65741,0.480036,6.04043e-31,1.29707e-29,390.174,3
5.64743,0.383741,0.563026,-0.0134101,390.2,0
5.68734,0.192945,1.31186,-0.0161962,389.519,0
5.65741,0.288021,0.998754,-0.0179713,389.984,0
5.65741,-0.480036,6.0411e-31,-1.29705e-29,390.17,3
5.65741,-0.288021,0.998772,0.0179668,389.984,0
5.65741,-0.384029,0.560642,0.0134358,390.066,0
5.67736,-0.0965606,1.50264,0.0092106,389.616,0
5.65741,-0.192014,1.31281,0.0157589,389.924,0
5.65741,-1.74498e-09,1.56471,7.21182e-06,389.878,0
5.61749,0.0948557,1.49976,-0.00859587,390.428,0
5.55763,0.482914,5.73314e-31,1.3015e-29,391.488,3
5.55763,0.386331,0.557299,-0.0123571,391.395,0
5.53767,0.289219,0.995033,-0.016239,391.582,0
5.55763,0.193166,1.305,-0.0144934,391.265,0
5.55763,-0.482914,5.73298e-31,-1.3015e-29,391.489,3
5.55763,-0.386332,0.557301,0.0123713,391.394,0
5.57259,-0.193517,1.30477,0.0147198,391.065,0
5.55763,-0.289749,0.99282,0.0165196,391.318,0
5.59754,-0.0977343,1.49434,0.00867671,390.699,0
5.51772,0.0955234,1.49099,-0.00791361,391.762,0
5.55763,-1.74498e-09,1.5553,2.41869e-06,391.223,0
5.45785,0.485563,5.41715e-31,1.30586e-29,392.785,3
5.45785,0.388451,0.554277,-0.0112695,392.698,0
5.43789,0.0965593,1.48383,-0.00737308,392.814,0
5.43789,0.290855,0.989413,-0.0147876,392.89,0
5.45785,0.194225,1.29783,-0.0132159,392.581,0
5.45785,-0.485563,5.41708e-31,-1.30586e-29,392.784,3
5.46783,-0.388715,0.552172,0.0113514,392.569,0
5.45785,-0.291338,0.987435,0.0150582,392.631,0
5.48778,-0.19502,1.29706,0.0136555,392.19,0
5.45785,-0.0971126,1.48456,0.00756213,392.554,0
5.40796,-0.0012068,1.5429,9.68069e-05,393.196,0
5.35807,0.487977,5.09596e-31,1.31015e-29,394.058,3
5.35807,0.390381,0.551571,-0.0101734,393.982,0
5.25829,0.490152,4.77226e-31,1.3144e-29,395.319,3
5.35807,0.0975953,1.47715,-0.00682439,393.851,0
5.35807,0.292786,0.982548,-0.0136044,393.923,0
5.32813,0.194538,1.29199,-0.0115288,394.264,0
5.35807,-0.292786,0.982567,0.0136084,393.922,0
5.35807,-0.487977,5.096e-31,-1.31016e-29,394.06,3
5.35807,-0.390381,0.551579,0.010172,393.982,0
5.35807,-0.0975954,1.47715,0.00682396,393.851,0
5.35807,-0.195191,1.29144,0.0119445,393.878,0
5.30818,-0.00108762,1.53558,7.65182e-05,394.486,0
5.25829,0.392122,0.549147,-0.00908701,395.249,0
5.15851,0.492088,4.44961e-31,1.31858e-29,396.56,3
5.25829,0.0980304,1.47057,-0.00611127,395.132,0
5.23833,0.293704,0.9798,-0.0118718,395.448,0
5.22836,0.19548,1.28616,-0.0102664,395.535,0
5.25829,-0.490152,4.77249e-31,-1.31439e-29,395.317,3
5.27824,-0.294526,0.976464,0.0124485,394.941,0
5.25829,-0.392122,0.549157,0.00907911,395.248,0
5.15851,-0.492088,4.44958e-31,-1.31857e-29,396.559,3
5.25829,-0.0980304,1.47056,0.00611067,395.132,0
5.25829,-0.196061,1.2857,0.0106678,395.156,0
5.05873,0.493786,4.13059e-31,1.32272e-29,397.788,3
5.2084,-0.000967982,1.52911,5.75225e-05,395.759,0
5.14853,0.393501,0.548423,-0.00791384,396.623,0
5.04875,0.394882,0.546392,-0.00685513,397.86,0
5.15851,0.0984176,1.46473,-0.0053974,396.397,0
5.15851,0.295253,0.974406,-0.0107206,396.452,0
5.14354,0.196497,1.28104,-0.00922562,396.605,0
5.15851,-0.39367,0.547047,0.00800466,396.499,0
5.17847,-0.29564,0.972855,0.011007,396.202,0
5.15851,-0.196835,1.28063,0.00942064,396.419,0
5.05873,-0.493786,4.13053e-31,-1.32271e-29,397.787,3
5.05873,-0.395029,0.545224,0.00694975,397.735,0
5.15851,-0.0984176,1.46473,0.00539843,396.397,0
4.95895,0.3962,0.543686,-0.00592996,398.961,0
4.95895,0.49525,3.81905e-31,1.32681e-29,399.004,3
5.10862,-0.00084908,1.5234,4.32996e-05,397.018,0
5.03877,0.295979,0.972269,-0.00906085,397.942,0
5.05873,0.0987572,1.45964,-0.00470082,397.648,0
5.05873,0.197514,1.27619,-0.00819659,397.666,0
4.95895,-0.49525,3.81877e-31,-1.3268e-29,399.003,3
5.05873,-0.296272,0.971114,0.00933094,397.695,0
5.0737,-0.197687,1.27616,0.0083845,397.48,0
4.97891,-0.297443,0.967091,0.00823647,398.681,0
4.95895,-0.3962,0.543691,0.00593436,398.96,0
5.05873,-0.0987572,1.45964,0.00469913,397.648,0
4.85917,-0.496488,3.51775e-31,-1.33087e-29,400.213,3
4.939,0.296903,0.969262,-0.0077118,399.172,0
4.85917,0.39719,0.542413,-0.00496822,400.176,0
4.85917,0.496488,3.51799e-31,1.33087e-29,400.212,3
5.00884,-0.000732169,1.51846,3.63121e-05,398.263,0
4.92902,0.197729,1.27271,-0.00666785,399.27,0
4.95895,0.0990501,1.45525,-0.00402054,398.886,0
4.85917,-0.39719,0.542403,0.00495793,400.177,0
4.98889,-0.198539,1.27199,0.00738479,398.532,0
4.91904,-0.248019,1.13387,0.00730551,399.404,0
4.83922,-0.297689,0.96673,0.00643811,400.392,0
4.95895,-0.0990501,1.45524,0.00402019,398.887,0
4.75939,-0.497507,3.23198e-31,-1.33491e-29,401.414,3
4.85917,0.297893,0.965907,-0.00667654,400.149,0
4.76937,0.398108,0.540636,-0.00413144,401.264,0
4.75939,0.497507,3.23203e-31,1.33491e-29,401.413,3
4.84421,0.198366,1.26952,-0.0057216,400.31,0
4.90906,-0.000618578,1.51421,2.34875e-05,399.498,0
4.85917,0.0992975,1.45155,-0.00338499,400.115,0
4.74942,-0.397924,0.542063,0.00395404,401.505,0
4.85917,-0.198595,1.26924,0.00589178,400.128,0
4.75939,-0.298504,0.963992,0.0054626,401.362,0
4.81926,-0.0988897,1.45086,0.00312347,400.604,0
4.65961,-0.498321,2.96489e-31,-1.33892e-29,402.609,3
4.75939,0.199003,1.26661,-0.00482815,401.345,0
4.75939,0.298504,0.963997,-0.00545711,401.362,0
4.66959,0.398738,0.540016,-0.00326979,402.467,0
4.65961,0.498321,2.96487e-31,1.33892e-29,402.608,3
4.75939,0.0995014,1.44848,-0.00277848,401.335,0
4.75939,-1.74498e-09,1.50916,2.91921e-06,401.332,0
4.65961,-0.398657,0.540623,0.00317783,402.587,0
4.71948,-0.0991757,1.44789,0.00253462,401.821,0
4.65961,-0.298993,0.96249,0.00434281,402.568,0
4.72946,-0.198759,1.26677,0.00451946,401.709,0
4.6646,-0.149399,1.37062,0.00317674,402.491,0
4.55983,-0.498946,2.72095e-31,-1.34292e-29,403.801,3
4.65961,0.0996642,1.446,-0.00221763,402.548,0
4.65961,0.199328,1.26451,-0.0038465,402.556,0
4.63966,0.298868,0.963,-0.00411664,402.81,0
4.55983,0.299367,0.961367,-0.0033082,403.772,0
4.55983,0.399157,0.54008,-0.00241609,403.784,0
4.55983,0.498946,2.72092e-31,1.34292e-29,403.8,3
4.65961,-1.74498e-09,1.50654,2.81481e-07,402.545,0
4.54986,-0.399111,0.540456,0.00233916,403.904,0
4.57979,-0.299492,0.960866,0.00350559,403.531,0
4.59975,-0.100039,1.44443,0.00191079,403.273,0
4.58977,-0.199766,1.26273,0.00321348,403.401,0
4.51992,-0.249626,1.12655,0.00290097,404.247,0
4.46006,-0.499399,2.5047e-31,-1.34691e-29,404.99,3
4.45008,-0.399489,0.539996,0.00166117,405.099,0
4.57979,0.0998628,1.4443,-0.00180806,403.515,0
4.55983,0.199578,1.2629,-0.00295612,403.762,0
4.48001,0.29973,0.960219,-0.00258047,404.731,0
4.47003,0.399565,0.539394,-0.00179103,404.86,0
4.46006,0.499399,2.5047e-31,1.34691e-29,404.989,3
4.55983,-1.74498e-09,1.5045,1.24667e-06,403.754,0
4.46006,-0.29964,0.960588,0.00241146,404.97,0
4.51992,-0.0996078,1.4437,0.00151922,404.238,0
4.46006,-0.19976,1.26173,0.00217366,404.964,0
4.36028,-0.299822,0.960101,0.00164964,406.168,0
4.36028,-0.399763,0.53957,0.00114647,406.173,0
4.36028,-0.499704,2.32092e-31,-1.35089e-29,406.179,3
4.49997,0.100061,1.44288,-0.00143699,404.478,0
4.46006,0.19976,1.26172,-0.00217033,404.964,0
4.37025,0.399794,0.539334,-0.00120097,406.054,0
4.36028,0.299822,0.960098,-0.00164676,406.168,0
4.36028,0.499704,2.32076e-31,1.35089e-29,406.178,3
4.46006,-1.74498e-09,1.50294,2.3694e-07,404.958,0
4.36028,-0.199882,1.26091,0.00150936,406.163,0
4.42014,-0.099758,1.44234,0.00110277,405.44,0
4.2605,-0.499885,2.17412e-31,-1.35486e-29,407.368,3
4.28045,-0.299967,0.959704,0.00114752,407.125,0
4.2605,-0.399908,0.539549,0.000688503,407.366,0
4.16072,-0.499973,2.07017e-31,-1.35884e-29,408.559,3
4.40019,0.100063,1.44177,-0.00103074,405.681,0
4.2605,0.499885,2.17415e-31,1.35487e-29,407.368,3
4.33034,0.199827,1.26093,-0.00133697,406.523,0
4.2605,0.299931,0.959865,-0.00103606,407.364,0
4.2605,0.399908,0.539554,-0.000690498,407.366,0
4.2605,-0.199954,1.26042,0.000977389,407.361,0
4.31039,-9.06721e-05,1.50141,1.86763e-06,406.76,0
4.30041,-0.10005,1.44102,0.000695622,406.88,0
4.16072,-0.399978,0.539647,0.000353483,408.56,0
4.18067,-0.300001,0.95972,0.000664465,408.32,0
4.06094,-0.399999,0.539796,0.000147788,409.755,0
4.06094,-0.499999,2.01319e-31,-1.36282e-29,409.754,3
4.2605,0.099977,1.44088,-0.000584305,407.36,0
4.16072,0.499973,2.07016e-31,1.35884e-29,408.559,3
4.16072,0.399978,0.539646,-0.000353686,408.56,0
4.23056,0.199928,1.26041,-0.000844046,407.721,0
4.16072,0.299984,0.959805,-0.000589863,408.559,0
4.06094,0.499999,2.01319e-31,1.36282e-29,409.754,3
4.13078,-0.199981,1.26014,0.000489464,408.918,0
4.16072,-0.0999945,1.44045,0.00035621,408.558,0
4.21061,-4.36312e-05,1.50079,-2.97113e-07,407.958,0
4.04098,-0.299999,0.959873,0.000253612,409.995,0
4.04597,-0.199991,1.26005,0.00028291,409.935,0
3.96116,-0.3,0.959927,0.000130383,410.952,0
3.96116,-0.4,0.539919,5.19356e-05,410.952,0
3.96116,-0.5,1.99584e-31,-1.36681e-29,410.951,3
4.16072,0.0999945,1.44045,-0.000355579,408.558,0
4.06094,0.399999,0.539795,-0.000149272,409.755,0
4.0809,0.300005,0.959819,-0.000341404,409.516,0
4.09087,0.200008,1.26004,-0.000383084,409.397,0
3.97114,0.400001,0.53991,-5.78647e-05,410.832,0
3.96116,0.5,1.99584e-31,1.36681e-29,410.951,3
4.06094,-0.0999998,1.44021,0.000198981,409.755,0
4.11083,1.32383e-05,1.50041,-1.6036e-07,409.156,0
3.98112,-0.0999998,1.44011,0.000115849,410.713,0
3.96116,-0.2,1.26001,0.000151788,410.953,0
3.86138,-0.3,0.95997,5.14821e-05,412.15,0
3.87136,-0.4,0.539972,1.9014e-05,412.03,0
3.86138,-0.5,1.99518e-31,-1.37079e-29,412.149,3
4.06094,0.0999998,1.44021,-0.000198287,409.755,0
3.96116,0.3,0.959926,-0.000130829,410.952,0
3.99109,0.200001,1.26001,-0.000191603,410.593,0
3.86138,0.4,0.539975,-1.65843e-05,412.149,0
3.86138,0.5,1.99518e-31,1.37079e-29,412.149,3
3.90129,-0.0999998,1.44005,6.31514e-05,411.671,0
3.96116,-1.74498e-09,1.50013,8.58823e-08,410.952,0
3.86138,-0.2,1.26,6.57197e-05,412.15,0
3.7616,-0.3,0.95999,1.76134e-05,413.347,0
3.7616,-0.5,1.99558e-31,-1.37478e-29,413.347,3
3.75162,-0.4,0.539995,4.61423e-06,413.466,0
3.92125,0.1,1.44006,-7.38109e-05,411.431,0
3.86138,0.3,0.95997,-5.14709e-05,412.15,0
3.86138,0.2,1.26,-6.57793e-05,412.15,0
3.7616,0.3,0.95999,-1.78154e-05,413.347,0
3.7616,0.5,1.99558e-31,1.37478e-29,413.347,3
3.77158,0.4,0.539993,-5.88776e-06,413.227,0
3.82147,-0.1,1.44002,3.20315e-05,412.629,0
3.86138,-1.74498e-09,1.50005,-7.70616e-08,412.15,0
3.73167,-0.2,1.26,1.83411e-05,413.706,0
3.66182,-0.3,0.959998,4.85808e-06,414.544,0
3.66182,-0.5,1.99559e-31,-1.37876e-29,414.544,3
3.66182,-0.4,0.54,1.11623e-06,414.544,0
3.80151,0.1,1.44002,-2.67348e-05,412.868,0
3.7616,0.2,1.26,-2.50033e-05,413.347,0
3.66182,0.5,1.9956e-31,1.37876e-29,414.544,3
3.68178,0.3,0.959997,-6.49501e-06,414.305,0
3.65185,0.4,0.540001,-9.04782e-07,414.664,0
3.72169,-0.1,1.44001,1.20359e-05,413.826,0
3.7616,-1.74498e-09,1.50002,-3.45184e-08,413.347,0
3.65434,-0.075,1.46625,4.42038e-06,414.634,0
3.64686,-0.15,1.365,6.40572e-06,414.724,0
3.65434,-0.225,1.19625,6.89264e-06,414.634,0
3.56204,-0.5,1.99559e-31,-1.38274e-29,415.742,3
3.582,-0.3,0.96,1.03867e-06,415.502,0
3.56204,-0.4,0.540002,-1.292e-07,415.742,0
3.70173,0.1,1.44,-9.73474e-06,414.065,0
3.66182,0.2,1.26,-8.05986e-06,414.544,0
3.56204,0.5,1.99559e-31,1.38274e-29,415.742,3
3.56204,0.4,0.540001,1.09858e-07,415.742,0
3.56204,0.3,0.96,-5.03191e-07,415.742,0
3.66182,-1.74498e-09,1.5,3.75339e-08,414.544,0
3.56204,-0.1,1.44,1.43898e-06,415.742,0
3.53211,-0.2,1.26,7.35363e-07,416.101,0
3.46227,-0.5,1.99559e-31,-1.38673e-29,416.939,3
3.46227,-0.4,0.540001,-3.66613e-07,416.939,0
3.46227,-0.3,0.960001,-5.89274e-07,416.939,0
3.56204,0.1,1.44,-1.43766e-06,415.742,0
3.56204,0.2,1.26,-1.5951e-06,415.742,0
3.46227,0.5,1.99559e-31,1.38673e-29,416.939,3
3.45229,0.4,0.540001,3.55436e-07,417.059,0
3.48222,0.3,0.960001,5.06024e-07,416.699,0
3.51215,-1.74498e-09,1.5,-5.29476e-09,416.34,0
3.46227,-0.1,1.44,-9.17502e-08,416.939,0
3.43233,-0.2,1.26,-5.38625e-07,417.298,0
3.36249,-0.5,1.99558e-31,-1.39071e-29,418.136,3
3.36249,-0.4,0.540001,-3.07717e-07,418.136,0
3.36249,-0.3,0.96,-6.532e-07,418.136,0
3.46227,0.1,1.44,9.40665e-08,416.939,0
3.46227,0.2,1.26,3.44864e-07,416.939,0
3.36249,0.5,1.99558e-31,1.39071e-29,418.136,3
3.36249,0.4,0.540001,2.93377e-07,418.136,0
3.36249,0.3,0.960001,6.59441e-07,418.136,0
3.41238,-1.74498e-09,1.5,5.45837e-09,417.538,0
3.36249,-0.1,1.44,-4.01064e-07,418.136,0
3.33255,-0.2,1.26,-6.5296e-07,418.496,0
3.26271,-0.5,1.99558e-31,-1.39469e-29,419.334,3
3.26271,-0.4,0.54,-1.87483e-07,419.334,0
3.26271,-0.3,0.96,-4.66735e-07,419.334,0
3.36249,0.1,1.44,4.11541e-07,418.136,0
3.36249,0.2,1.26,6.74504e-07,418.136,0
3.26271,0.2,1.26,5.42669e-07,419.334,0
3.26271,0.5,1.99558e-31,1.39469e-29,419.334,3
3.26271,0.4,0.54,1.93101e-07,419.334,0
3.24275,0.3,0.96,4.24702e-07,419.573,0
3.3126,-1.74498e-09,1.5,2.08275e-09,418.735,0
3.26271,-0.1,1.44,-3.46379e-07,419.334,0
3.19286,-0.2,1.26,-3.96205e-07,420.172,0
3.16293,-0.5,1.99558e-31,-1.39867e-29,420.531,3
3.16293,-0.4,0.54,-1.08771e-07,420.531,0
3.14297,-0.3,0.96,-2.47484e-07,420.77,0
3.26271,0.1,1.44,3.50986e-07,419.334,0
3.1779,0.2,1.26,3.70109e-07,420.351,0
3.16293,0.5,1.99558e-31,1.39867e-29,420.531,3
3.16293,0.4,0.54,1.10423e-07,420.531,0
3.16293,0.3,0.96,2.78007e-07,420.531,0
3.21282,-1.74498e-09,1.5,2.72967e-09,419.932,0
3.16293,-0.1,1.44,-2.25714e-07,420.531,0
3.09308,-0.2,1.26,-2.27119e-07,421.369,0
3.06315,-0.5,1.99558e-31,-1.40265e-29,421.728,3
3.06315,-0.3,0.96,-1.50307e-07,421.728,0
3.06315,-0.4,0.54,-5.76398e-08,421.728,0
3.16293,0.1,1.44,2.29076e-07,420.531,0
3.09308,0.2,1.26,2.29575e-07,421.369,0
3.06315,0.5,1.99558e-31,1.40265e-29,421.728,3
3.06315,0.4,0.54,5.6204e-08,421.728,0
3.04319,0.3,0.96,1.33229e-07,421.968,0
2.96337,-0.5,1.99558e-31,-1.40664e-29,422.926,3
3.11304,-1.74498e-09,1.5,1.4893e-09,421.13,0
3.06315,-0.1,1.44,-1.28891e-07,421.728,0
2.9933,-0.2,1.26,-1.19207e-07,422.566,0
2.97335,-0.4,0.54,-3.04267e-08,422.806,0
2.98333,-0.3,0.96,-8.72355e-08,422.686,0
2.92346,-0.25,1.125,-6.95466e-08,423.405,0
3.02324,0.1,1.44,1.02979e-07,422.207,0
2.96337,0.2,1.26,9.8571e-08,422.926,0
2.96337,0.4,0.54,2.8793e-08,422.926,0
2.96337,0.5,1.99558e-31,1.40664e-29,422.926,3
2.96337,0.3,0.96,7.64158e-08,422.926,0
2.86359,-0.5,1.99558e-31,-1.41062e-29,424.123,3
2.86359,-0.4,0.54,-1.38096e-08,424.123,0
2.96337,-1.74498e-09,1.5,8.75643e-10,422.926,0
2.96337,-0.1,1.44,-6.69229e-08,422.926,0
2.86359,-0.2,1.26,-4.73652e-08,424.123,0
2.86359,-0.3,0.96,-3.66061e-08,424.123,0
2.94341,0.1,1.44,5.98959e-08,423.165,0
2.86359,-1.74498e-09,1.5,7.06038e-10,424.123,0
2.86359,0.2,1.26,4.80518e-08,424.123,0
2.86359,0.4,0.54,1.39579e-08,424.123,0
2.86359,0.5,1.99558e-31,1.41062e-29,424.123,3
2.84364,0.3,0.96,3.21506e-08,424.363,0
2.76381,-0.5,1.99558e-31,-1.4146e-29,425.32,3
2.75383,-0.4,0.54,-6.93551e-09,425.44,0
2.86359,-0.1,1.44,-3.25897e-08,424.123,0
2.74386,-0.3,0.96,-1.53288e-08,425.56,0
2.76381,-0.2,1.26,-2.22548e-08,425.32,0
2.86359,0.1,1.44,3.38222e-08,424.123,0
2.76381,-1.74498e-09,1.5,4.65131e-10,425.32,0
2.77878,0.2,1.26,2.5456e-08,425.141,0
2.76381,0.4,0.54,7.50097e-09,425.32,0
2.76381,0.5,1.99558e-31,1.4146e-29,425.32,3
2.76381,0.3,0.96,1.79951e-08,425.32,0
2.66403,-0.4,0.54,-4.57163e-09,426.518,0
2.66403,-0.5,1.99558e-31,-1.41858e-29,426.518,3
2.7239,-0.1,1.44,-1.14815e-08,425.799,0
2.66403,-0.3,0.96,-9.17173e-09,426.518,0
2.66403,-0.2,1.26,-1.08083e-08,426.518,0
2.76381,0.1,1.44,1.62551e-08,425.32,0
2.69397,0.05,1.485,5.48003e-09,426.159,0
2.69397,0.2,1.26,1.37268e-08,426.159,0
2.67401,0.4,0.54,4.71707e-09,426.398,0
2.66403,0.5,1.99558e-31,1.41858e-29,426.518,3
2.64408,0.3,0.96,8.37822e-09,426.757,0
2.56425,0.5,1.99558e-31,1.42257e-29,427.715,3
2.56425,-0.5,1.99558e-31,-1.42257e-29,427.715,3
2.57423,-0.4,0.54,-3.51272e-09,427.595,0
2.61414,-1.74498e-09,1.5,1.61501e-10,427.116,0
2.60417,-0.1,1.44,-4.8985e-09,427.236,0
2.5443,-0.3,0.96,-5.30863e-09,427.955,0
2.56425,-0.2,1.26,-5.98801e-09,427.715,0
2.62412,0.1,1.44,6.00102e-09,426.997,0
2.56425,0.2,1.26,6.20376e-09,427.715,0
2.56425,0.4,0.54,3.50871e-09,427.715,0
2.56425,0.3,0.96,5.77011e-09,427.715,0
2.46448,0.5,1.99558e-31,1.42655e-29,428.912,3
2.4545,0.4,0.54,3.10496e-09,429.032,0
2.46448,-0.3,0.96,-4.41049e-09,428.912,0
2.46448,-0.5,1.99558e-31,-1.42655e-29,428.912,3
2.46448,-0.4,0.54,-3.1047e-09,428.912,0
2.51436,-1.74498e-09,1.5,1.08757e-10,428.314,0
2.52434,-0.1,1.44,-3.17594e-09,428.194,0
2.46448,-0.2,1.26,-4.17569e-09,428.912,0
2.50439,0.1,1.44,3.08899e-09,428.433,0
2.46448,0.2,1.26,4.28686e-09,428.912,0
2.46448,0.3,0.96,4.43789e-09,428.912,0
2.3647,0.4,0.54,3.02992e-09,430.11,0
2.3647,0.5,1.99558e-31,1.43053e-29,430.11,3
2.3647,0.3,0.96,4.05957e-09,430.11,0
2.3647,-0.5,1.99558e-31,-1.43053e-29,430.11,3
2.38465,-0.3,0.96,-4.07414e-09,429.87,0
2.3647,-0.4,0.54,-3.0345e-09,430.11,0
2.44452,-0.1,1.44,-2.39615e-09,429.152,0
2.43454,0.05,1.485,1.31472e-09,429.272,0
2.43953,-0.025,1.49625,-5.85458e-10,429.212,0
2.3647,-0.2,1.26,-3.60146e-09,430.11,0
2.3647,0.1,1.44,2.15039e-09,430.11,0
2.3647,0.2,1.26,3.63901e-09,430.11,0
2.2749,0.4,0.54,3.03482e-09,431.187,0
2.26492,0.5,1.99558e-31,1.43451e-29,431.307,3
2.26492,0.3,0.96,4.00044e-09,431.307,0
2.26492,-0.5,1.99558e-31,-1.43451e-29,431.307,3
2.26492,-0.3,0.96,-3.99738e-09,431.307,0
2.25494,-0.4,0.54,-3.04058e-09,431.427,0
2.3647,-0.1,1.44,-2.08624e-09,430.11,0
2.3647,-1.74498e-09,1.5,3.49656e-11,430.11,0
2.26492,-0.2,1.26,-3.48439e-09,431.307,0
2.26492,0.2,1.26,3.49651e-09,431.307,0
2.28487,0.1,1.44,2.01767e-09,431.068,0
2.16514,0.5,1.99558e-31,1.4385e-29,432.504,3
2.17512,0.4,0.54,3.06497e-09,432.385,0
2.18509,0.3,0.96,4.02873e-09,432.265,0
2.16514,-0.5,1.99558e-31,-1.4385e-29,432.504,3
2.16514,-0.4,0.54,-3.06743e-09,432.504,0
2.16514,-0.3,0.96,-4.04451e-09,432.504,0
2.22501,-0.1,1.44,-1.98459e-09,431.786,0
2.26492,-1.74498e-09,1.5,1.46464e-11,431.307,0
2.16514,-0.2,1.26,-3.50877e-09,432.504,0
2.14518,-0.1,1.44,-2.00384e-09,432.744,0
2.16514,0.2,1.26,3.51066e-09,432.504,0
2.20505,0.1,1.44,1.9916e-09,432.026,0
2.06536,0.5,1.99558e-31,1.44248e-29,433.702,3
2.06536,0.4,0.54,3.09968e-09,433.702,0
2.08033,0.2,1.26,3.54979e-09,433.522,0
2.06536,0.3,0.96,4.08989e-09,433.702,0
2.06536,-0.5,1.99558e-31,-1.44248e-29,433.702,3
2.06536,-0.4,0.54,-3.09739e-09,433.702,0
2.03543,-0.2,1.26,-3.58067e-09,434.061,0
2.06536,-0.3,0.96,-4.09754e-09,433.702,0
2.16514,-1.74498e-09,1.5,-2.31694e-12,432.504,0
2.06536,-0.1,1.44,-2.03056e-09,433.702,0
2.06536,0.1,1.44,2.02178e-09,433.702,0
1.96558,0.5,1.99558e-31,1.44646e-29,434.899,3
1.9556,0.4,0.54,3.11716e-09,435.019,0
1.99551,0.2,1.26,3.5878e-09,434.54,0
1.94562,0.3,0.96,4.14136e-09,435.139,0
1.96558,-0.5,1.99558e-31,-1.44646e-29,434.899,3
1.96558,-0.4,0.54,-3.11882e-09,434.899,0
1.98554,-0.1,1.44,-2.05684e-09,434.66,0
1.95061,-0.2,1.26,-3.61569e-09,435.079,0
1.96558,-0.3,0.96,-4.13903e-09,434.899,0
2.01547,-1.74498e-09,1.5,-5.57228e-12,434.3,0
1.96558,0.1,1.44,2.04756e-09,434.899,0
1.8658,0.3,0.96,4.16374e-09,436.097,0
1.8658,0.5,1.99558e-31,1.45044e-29,436.097,3
1.8658,0.4,0.54,3.12865e-09,436.097,0
1.8658,0.2,1.26,3.63513e-09,436.097,0
1.8658,-0.5,1.99558e-31,-1.45044e-29,436.097,3
1.8658,-0.4,0.54,-3.13646e-09,436.097,0
1.90571,-0.1,1.44,-2.0762e-09,435.618,0
1.8658,-0.2,1.26,-3.64137e-09,436.097,0
1.84585,-0.3,0.96,-4.17504e-09,436.336,0
1.8658,-1.74498e-09,1.5,-6.35916e-12,436.097,0
1.8658,0.1,1.44,2.06897e-09,436.097,0
1.76602,0.5,1.99558e-31,1.45442e-29,437.294,3
1.78598,0.3,0.96,4.18244e-09,437.054,0
1.776,0.4,0.54,3.14329e-09,437.174,0
1.76602,0.2,1.26,3.65651e-09,437.294,0
1.76602,-0.4,0.54,-3.1424e-09,437.294,0
1.76602,-0.5,1.99558e-31,-1.45442e-29,437.294,3
1.82589,-0.1,1.44,-2.08708e-09,436.575,0
1.76602,-0.2,1.26,-3.66526e-09,437.294,0
1.76602,-0.3,0.96,-4.19225e-09,437.294,0
1.76602,-1.74498e-09,1.5,-4.68336e-12,437.294,0
1.72611,0.1,1.44,2.09099e-09,437.773,0
1.68121,0.2,1.26,3.6711e-09,438.312,0
1.66624,0.5,1.99558e-31,1.45841e-29,438.491,3
1.66624,0.4,0.54,3.15582e-09,438.491,0
1.66624,0.3,0.96,4.20457e-09,438.491,0
1.67622,-0.4,0.54,-3.1547e-09,438.371,0
1.66624,-0.5,1.99558e-31,-1.45841e-29,438.491,3
1.70615,-0.1,1.44,-2.10155e-09,438.012,0
1.66624,-0.2,1.26,-3.67857e-09,438.491,0
1.64629,-0.3,0.96,-4.2101e-09,438.731,0
1.66624,-1.74498e-09,1.5,-3.90552e-12,438.491,0
1.60638,0.1,1.44,2.10268e-09,439.21,0
1.5964,0.2,1.26,3.68451e-09,439.329,0
1.56646,0.5,1.99558e-31,1.46239e-29,439.689,3
1.57644,0.4,0.54,3.16417e-09,439.569,0
1.54651,0.3,0.96,4.22043e-09,439.928,0
1.46669,0.5,1.99558e-31,1.46637e-29,440.886,3
1.56646,-0.4,0.54,-3.16451e-09,439.689,0
1.56646,-0.5,1.99558e-31,-1.46239e-29,439.689,3
1.62633,-0.1,1.44,-2.10792e-09,438.97,0
1.56646,-0.2,1.26,-3.69324e-09,439.689,0
1.56646,-0.3,0.96,-4.22108e-09,439.689,0
1.56646,-1.74498e-09,1.5,-9.52104e-13,439.689,0
1.52655,0.1,1.44,2.1091e-09,440.167,0
1.49662,0.2,1.26,3.69962e-09,440.527,0
1.46669,0.4,0.54,3.17602e-09,440.886,0
1.46669,0.3,0.96,4.22924e-09,440.886,0
1.36691,0.5,1.99558e-31,1.47035e-29,442.083,3
1.35693,0.4,0.54,3.18295e-09,442.203,0
1.47666,-0.4,0.54,-3.17381e-09,440.766,0
1.46669,-0.5,1.99558e-31,-1.46637e-29,440.886,3
1.5066,-0.1,1.44,-2.11508e-09,440.407,0
1.46669,-0.2,1.26,-3.70226e-09,440.886,0
1.44673,-0.3,0.96,-4.23557e-09,441.125,0
1.46669,-1.74498e-09,1.5,-2.89411e-12,440.886,0
1.40682,0.1,1.44,2.1171e-09,441.604,0
1.39684,0.2,1.26,3.71e-09,441.724,0
1.36691,0.3,0.96,4.2427e-09,442.083,0
1.26713,0.3,0.96,4.25532e-09,443.281,0
1.26713,0.5,1.99558e-31,1.47434e-29,443.281,3
1.26713,0.4,0.54,3.19124e-09,443.281,0
1.36691,-0.4,0.54,-3.18167e-09,442.083,0
1.36691,-0.5,1.99558e-31,-1.47035e-29,442.083,3
1.42677,-0.1,1.44,-2.11838e-09,441.365,0
1.36691,-0.3,0.96,-4.24578e-09,442.083,0
1.36691,-0.2,1.26,-3.71353e-09,442.083,0
1.36691,-1.74498e-09,1.5,-1.46603e-12,442.083,0
1.32699,0.1,1.44,2.12515e-09,442.562,0
1.24717,0.1,1.44,2.1292e-09,443.52,0
1.26713,0.2,1.26,3.72337e-09,443.281,0
1.16735,0.3,0.96,4.26597e-09,444.478,0
1.16735,0.5,1.99558e-31,1.47832e-29,444.478,3
1.16735,0.4,0.54,3.20116e-09,444.478,0
0,0.366218,0.695306,6.07308e-40,458.486,1
0,0.5,-2.42631e-30,5.86504e-30,458.486,1
0,0.467244,0.190101,6.82682e-40,458.486,1
0,0.391474,0.580487,6.13659e-40,458.486,1
0,0.441987,0.327884,6.2247e-40,458.486,1
0,0.416731,0.458013,6.21321e-40,458.486,1
0,0.340962,0.802471,5.85894e-40,458.486,1
1.26713,-0.5,1.99558e-31,-1.47434e-29,443.281,3
1.2771,-0.4,0.54,-3.19045e-09,443.161,0
1.30704,-0.1,1.44,-2.12748e-09,442.802,0
1.26713,-0.2,1.26,-3.72358e-09,443.281,0
1.26713,-0.3,0.96,-4.25559e-09,443.281,0
1.21724,-1.74498e-09,1.5,-1.16402e-13,443.879,0
1.16735,0.1,1.44,2.13243e-09,444.478,0
0,0.315705,0.901982,5.66044e-40,458.486,1
0,0.290449,0.993837,5.39095e-40,458.486,1
1.13741,0.2,1.26,3.73765e-09,444.837,0
1.06757,0.4,0.54,3.20786e-09,445.675,0
1.06757,0.3,0.96,4.2805e-09,445.675,0
1.06757,0.5,1.99558e-31,1.4823e-29,445.675,3
0.0767531,0.5,1.69558e-31,1.29306e-29,457.565,3
0.0234157,0.362924,0.709715,1.4662e-09,458.205,0
0.0397045,0.447615,0.297846,1.71285e-09,458.01,0
0.0234157,0.406462,0.508734,1.42593e-09,458.205,0
0.0233435,0.33677,0.819516,1.43511e-09,458.206,0
1.16735,-0.3,0.96,-4.26706e-09,444.478,0
1.16735,-0.5,1.99558e-31,-1.47832e-29,444.478,3
1.16735,-0.4,0.54,-3.19858e-09,444.478,0
1.16735,-0.1,1.44,-2.13254e-09,444.478,0
1.16735,-0.2,1.26,-3.73636e-09,444.478,0
1.11746,-1.74498e-09,1.5,-2.26685e-12,445.077,0
1.06757,0.1,1.44,2.14117e-09,445.675,0
0.0233535,0.308618,0.928528,1.39032e-09,458.206,0
0.0196793,0.282349,1.02168,1.13663e-09,458.25,0
0,0.265192,1.07804,5.07242e-40,458.486,1
0.997724,0.2,1.26,3.7557e-09,446.513,0
0.96779,0.3,0.96,4.29297e-09,446.873,0
0.96779,0.5,1.99558e-31,1.48628e-29,446.873,3
0.868011,0.5,1.99558e-31,1.49027e-29,448.07,3
0.977768,0.4,0.54,3.21761e-09,446.753,0
0.768232,0.5,1.99558e-31,1.49425e-29,449.267,3
0.169558,0.5,1.92584e-31,1.46509e-29,456.451,3
0.114831,0.432364,0.378366,2.67203e-09,457.108,0
0.0537779,0.361728,0.714918,2.78386e-09,457.841,0
0.0733414,0.395421,0.561854,3.08448e-09,457.606,0
0.05275,0.33149,0.840688,2.75893e-09,457.853,0
0.369116,0.5,1.99558e-31,1.51018e-29,454.057,3
0.269337,0.5,1.99558e-31,1.51416e-29,455.254,3
1.06757,-0.1,1.44,-2.13975e-09,445.675,0
1.06757,-0.5,1.99558e-31,-1.4823e-29,445.675,3
1.08752,-0.3,0.96,-4.27778e-09,445.436,0
1.06757,-0.4,0.54,-3.20919e-09,445.675,0
1.06757,-0.2,1.26,-3.74585e-09,445.675,0
0,0.239936,1.15458,4.72167e-40,458.486,1
0,0.214679,1.22348,4.31934e-40,458.486,1
1.01768,-1.74498e-09,1.5,-1.44288e-12,446.274,0
0.96779,0.1,1.44,2.15108e-09,446.873,0
0.0436456,0.282079,1.02259,2.26167e-09,457.962,0
0.0196795,0.258938,1.09771,1.07584e-09,458.25,0
0.897945,0.2,1.26,3.77543e-09,447.711,0
0.868011,0.3,0.96,4.31264e-09,448.07,0
0.868011,0.4,0.54,3.23177e-09,448.07,0
0.768232,0.4,0.54,3.24262e-09,449.267,0
0.468895,0.5,1.99558e-31,1.5062e-29,452.859,3
0.568674,0.5,1.99558e-31,1.50221e-29,451.662,3
0.668453,0.5,1.99558e-31,1.49823e-29,450.465,3
0.678431,0.4,0.54,3.26429e-09,450.345,0
0.204839,0.443771,0.318403,2.31063e-09,456.028,0
0.15189,0.386597,0.603259,3.93214e-09,456.663,0
0.0897906,0.360308,0.721068,3.70798e-09,457.409,0
0.072861,0.291864,0.988891,3.33367e-09,457.612,0
0.400724,0.432815,0.376027,2.54104e-09,453.677,0
0.305441,0.433352,0.373234,2.58924e-09,454.821,0
0.96779,-0.1,1.44,-2.15019e-09,446.873,0
0.96779,-0.5,1.99558e-31,-1.48628e-29,446.873,3
0.96779,-0.4,0.54,-3.21954e-09,446.873,0
0.96779,-0.3,0.96,-4.2955e-09,446.873,0
0.96779,-0.2,1.26,-3.7604e-09,446.873,0
0.868011,-0.5,1.99558e-31,-1.49027e-29,448.07,3
0.0196793,0.235527,1.16716,1.00572e-09,458.25,0
0.0205169,0.206686,1.24369,9.44437e-10,458.24,0
0,0.189423,1.28471,3.88822e-40,458.486,1
0.868011,0.1,1.44,2.16356e-09,448.07,0
0.917901,-1.74498e-09,1.5,-1.4758e-12,447.471,0
0.0612238,0.260021,1.09433,2.80121e-09,457.751,0
0.0523766,0.230845,1.18026,2.30789e-09,457.858,0
0.798166,0.2,1.26,3.80373e-09,448.908,0
0.788188,0.3,0.96,4.3364e-09,449.028,0
0.668453,0.3,0.96,4.39442e-09,450.465,0
0.468895,0.4,0.54,3.36274e-09,452.859,0
0.568674,0.3,0.96,4.47666e-09,451.662,0
0.568674,0.4,0.54,3.30258e-09,451.662,0
0.249979,0.36715,0.691207,4.32202e-09,455.486,0
0.18703,0.334332,0.829331,4.76767e-09,456.242,0
0.123785,0.332161,0.838014,4.37634e-09,457.001,0
0.104807,0.277608,1.0376,4.04622e-09,457.228,0
0.410149,0.342208,0.797362,4.41291e-09,453.564,0
0.339944,0.379859,0.634241,3.9357e-09,454.407,0
0.297768,0.312912,0.912515,4.89132e-09,454.913,0
0.907923,-0.25,1.125,-4.20819e-09,447.591,0
0.868011,-0.1,1.44,-2.1632e-09,448.07,0
0.868011,-0.4,0.54,-3.23259e-09,448.07,0
0.848055,-0.3,0.96,-4.31979e-09,448.309,0
0.838077,-0.2,1.26,-3.79147e-09,448.429,0
0.768232,-0.5,1.99558e-31,-1.49425e-29,449.267,3
0,0.13891,1.38422,2.94434e-40,458.486,1
0,0.164167,1.3383,3.43276e-40,458.486,1
0.0444097,0.204572,1.2489,1.84695e-09,457.953,0
0.0205171,0.182834,1.29943,8.52571e-10,458.24,0
0.788188,0.1,1.44,2.18098e-09,449.028,0
0.818122,-1.74498e-09,1.5,8.10279e-13,448.669,0
0.0911945,0.209105,1.23765,3.19062e-09,457.392,0
0.708365,0.1,1.44,2.2073e-09,449.986,0
0.698387,0.2,1.26,3.85052e-09,450.105,0
0.56618,0.225,1.19625,4.23186e-09,451.692,0
0.488851,0.3,0.96,4.57954e-09,452.62,0
0.237589,0.296956,0.970901,5.03226e-09,455.635,0
0.15966,0.266435,1.07407,4.72127e-09,456.57,0
0.123053,0.225615,1.19459,3.95734e-09,457.009,0
0.357911,0.279137,1.03249,4.86696e-09,454.191,0
0.284237,0.255564,1.10812,4.95066e-09,455.075,0
0,0.113654,1.4225,2.43718e-40,458.486,1
0.753265,-0.2,1.26,-3.82216e-09,449.447,0
0.72832,-0.1,1.44,-2.20101e-09,449.746,0
0.758254,-0.4,0.54,-3.24686e-09,449.387,0
0.748276,-0.3,0.96,-4.35104e-09,449.507,0
0.668453,-0.5,1.99558e-31,-1.49823e-29,450.465,3
0.0183114,0.13282,1.39415,5.76312e-10,458.266,0
0.039325,0.154814,1.35619,1.31814e-09,458.014,0
0.0634506,0.180066,1.30546,2.20831e-09,457.725,0
0.718343,-1.74498e-09,1.5,3.61086e-13,449.866,0
0.122213,0.177004,1.31202,3.32131e-09,457.02,0
0.411825,0.205312,1.24708,4.2933e-09,453.544,0
0.628541,0.1,1.44,2.24221e-09,450.944,0
0.563685,0.15,1.365,3.25013e-09,451.722,0
0.498829,0.2,1.26,4.06942e-09,452.5,0
0.210587,0.217599,1.2159,4.59063e-09,455.959,0
0.156317,0.191941,1.27895,3.92859e-09,456.61,0
0.335626,0.209965,1.23549,4.49871e-09,454.459,0
0.262934,0.173502,1.31938,4.0503e-09,455.331,0
0,0.0883974,1.45312,1.91458e-40,458.486,1
0.0191761,0.10523,1.43356,4.82992e-10,458.256,0
0.648497,-0.1,1.44,-2.23167e-09,450.704,0
0.668453,-0.2,1.26,-3.8726e-09,450.465,0
0.668453,-0.3,0.96,-4.39261e-09,450.465,0
0.668453,-0.4,0.54,-3.26616e-09,450.465,0
0.568674,-0.5,1.99558e-31,-1.50221e-29,451.662,3
0.0406562,0.124086,1.40762,1.10816e-09,457.998,0
0.0647537,0.145239,1.37343,1.86353e-09,457.709,0
0.0918337,0.1487,1.36733,2.43341e-09,457.384,0
0.0406566,0.10102,1.43877,9.12559e-10,457.998,0
0.618564,-1.74498e-09,1.5,-7.35738e-13,451.063,0
0.140075,0.140511,1.38154,2.93035e-09,456.805,0
0.187829,0.120105,1.41345,2.8482e-09,456.232,0
0.418791,0.135497,1.38984,3.17887e-09,453.461,0
0.508807,0.1,1.44,2.34171e-09,452.38,0
0.223548,0.1455,1.37298,3.48558e-09,455.804,0
0.322641,0.123205,1.40892,3.05612e-09,454.614,0
0.307582,0.0689321,1.47149,1.79724e-09,454.795,0
0.608586,-0.25,1.125,-4.36066e-09,451.183,0
0,0.063141,1.47608,1.37593e-40,458.486,1
0.0191763,0.0810071,1.46063,3.75023e-10,458.256,0
0,0.0378846,1.49139,8.30834e-41,458.486,1
0.568674,-0.1,1.44,-2.2852e-09,451.662,0
0.53874,-0.2,1.26,-4.01295e-09,452.021,0
0.548718,-0.3,0.96,-4.49648e-09,451.902,0
0.558696,-0.4,0.54,-3.30682e-09,451.782,0
0.468895,-0.5,1.99558e-31,-1.5062e-29,452.859,3
0.110089,0.107729,1.43037,2.03232e-09,457.165,0
0.0647537,0.101702,1.43794,1.34111e-09,457.709,0
0.0406562,0.077953,1.46354,7.10277e-10,457.998,0
0.468895,-1.74498e-09,1.5,-3.08134e-12,452.859,0
0.468895,-0.1,1.44,-2.37978e-09,452.859,0
0.150836,0.0954954,1.44528,2.13094e-09,456.676,0
0.197734,0.0814145,1.46023,2.01456e-09,456.113,0
0.386135,0.0248481,1.4963,6.47338e-10,453.853,0
0.251833,0.0651715,1.47452,1.69816e-09,455.464,0
0.302672,0.0124888,1.49906,3.34797e-10,454.854,0
0.0191761,0.0567834,1.48065,2.64795e-10,458.256,0
0.0176249,0.0309476,1.49425,1.33701e-10,458.275,0
0,0.0126282,1.49904,2.75396e-41,458.486,1
0.467773,-0.176534,1.31301,-3.80998e-09,452.873,0
0.468895,-0.3,0.96,-4.60852e-09,452.859,0
0.468895,-0.4,0.54,-3.36048e-09,452.859,0
0.400724,-0.440159,0.337561,-2.30993e-09,453.677,0
0.369116,-0.5,1.99558e-31,-1.51018e-29,454.057,3
0.123731,0.0573348,1.48028,1.18477e-09,457.001,0
0.0831668,0.0782954,1.46322,1.25137e-09,457.488,0
0.0589272,0.0517951,1.4839,6.46221e-10,457.779,0
0.400734,-0.154367,1.35703,-3.56089e-09,453.677,0
0.393435,-0.0647592,1.47484,-1.64617e-09,453.765,0
0.153818,0.00927062,1.49948,2.14903e-10,456.64,0
0.189507,0.0280386,1.49528,6.99047e-10,456.212,0
0.297762,-0.0439545,1.48841,-1.16528e-09,454.913,0
0.243594,0.015865,1.49849,4.17912e-10,455.563,0
0,-0.467244,0.190101,-7.47866e-40,458.486,1
0,-0.441987,0.327884,-6.1926e-40,458.486,1
0,-0.5,-2.42631e-30,-5.86504e-30,458.486,1
0.0397925,0.0237068,1.49663,2.14627e-10,458.009,0
0.0176249,5.35756e-08,1.5,-3.19291e-14,458.275,0
0,-0.0126282,1.49904,-2.7615e-41,458.486,1
0.269337,-0.5,1.99558e-31,-1.51416e-29,455.254,3
0.406156,-0.260451,1.09299,-4.72138e-09,453.612,0
0.400741,-0.338537,0.812356,-4.46835e-09,453.677,0
0.339944,-0.372914,0.665613,-4.07084e-09,454.407,0
0.298866,-0.440891,0.33369,-2.34733e-09,454.9,0
0.349655,-0.224834,1.1967,-4.6238e-09,454.29,0
0.0989951,0.0225098,1.49696,4.10455e-10,457.298,0
0.0647499,0.0155546,1.49855,2.09757e-10,457.709,0
0.312143,-0.174135,1.31806,-4.02762e-09,454.74,0
0.261008,-0.0949426,1.44592,-2.43276e-09,455.354,0
0.121778,-0.00757857,1.49966,-1.57059e-10,457.025,0
0.181431,-0.0243575,1.49644,-6.00191e-10,456.309,0
0.235355,-0.0334414,1.49329,-8.77103e-10,455.662,0
0,-0.416731,0.458013,-6.18977e-40,458.486,1
0.169558,-0.5,1.92584e-31,-1.46509e-29,456.451,3
0.0263684,-0.445338,0.310046,-1.37874e-09,458.17,0
0.0234333,-0.41428,0.470235,-1.39097e-09,458.205,0
0.0767531,-0.5,1.69558e-31,-1.29306e-29,457.565,3
0.0441763,-0.0180474,1.49805,-1.78317e-10,457.956,0
0.0176248,-0.0309475,1.49425,-1.34196e-10,458.275,0
0,-0.0378846,1.49139,-8.30608e-41,458.486,1
0.204839,-0.443771,0.318406,-2.30262e-09,456.028,0
0.303219,-0.288895,0.999237,-4.97359e-09,454.847,0
0.238663,-0.381309,0.627619,-4.0594e-09,455.622,0
0.285834,-0.339306,0.809227,-4.67706e-09,455.056,0
0.249195,-0.203906,1.25053,-4.49592e-09,455.496,0
0.0831668,-0.0281252,1.49525,-4.54877e-10,457.488,0
0.228252,-0.16033,1.34577,-3.77591e-09,455.747,0
0.208379,-0.118979,1.41506,-2.89451e-09,455.986,0
0.124772,-0.0501189,1.48493,-1.04185e-09,456.989,0
0.173491,-0.0758729,1.46546,-1.80997e-09,456.404,0
0,-0.391474,0.580487,-6.1165e-40,458.486,1
0.114831,-0.432364,0.378366,-2.6707e-09,457.108,0
0.0234159,-0.384693,0.612067,-1.46014e-09,458.205,0
0.0565267,-0.410818,0.487373,-2.5025e-09,457.808,0
0.0371627,-0.0512553,1.48424,-4.35691e-10,458.04,0
0,-0.063141,1.47608,-1.37726e-40,458.486,1
0.15189,-0.375583,0.653623,-4.12685e-09,456.663,0
0.237588,-0.284496,1.01437,-5.03971e-09,455.635,0
0.201708,-0.313322,0.910975,-4.94244e-09,456.066,0
0.194638,-0.229709,1.1834,-4.66034e-09,456.15,0
0.190444,-0.185795,1.29288,-4.07475e-09,456.201,0
0.0883409,-0.0593282,1.47888,-9.9676e-10,457.426,0
0.162431,-0.139963,1.38246,-3.1042e-09,456.537,0
0.124767,-0.0883875,1.45313,-1.80879e-09,456.989,0
0,-0.366218,0.695306,-6.05033e-40,458.486,1
0.108486,-0.35977,0.723393,-4.01715e-09,457.184,0
0.0418913,-0.361237,0.717045,-2.34391e-09,457.983,0
0.0406566,-0.0779533,1.46354,-7.10561e-10,457.998,0
0.0191763,-0.0810071,1.46063,-3.74744e-10,458.256,0
0,-0.0883974,1.45312,-1.91473e-40,458.486,1
0.142797,-0.309574,0.924985,-4.65138e-09,456.773,0
0.159659,-0.266434,1.07408,-4.72008e-09,456.57,0
0.156319,-0.20878,1.23847,-4.16073e-09,456.61,0
0.0831668,-0.0990722,1.44111,-1.56949e-09,457.488,0
0.122213,-0.158331,1.34959,-3.03451e-09,457.02,0
0.12349,-0.123359,1.4087,-2.45473e-09,457.004,0
0,-0.340962,0.802471,-5.84388e-40,458.486,1
0.0728618,-0.328713,0.851686,-3.41359e-09,457.612,0
0.0318852,-0.332836,0.835323,-1.86964e-09,458.104,0
0,-0.113654,1.4225,-2.43672e-40,458.486,1
0.0406566,-0.10102,1.43877,-9.12649e-10,457.998,0
0.0191761,-0.10523,1.43356,-4.82851e-10,458.256,0
0.104808,-0.277609,1.0376,-4.05008e-09,457.228,0
0.122212,-0.195677,1.27026,-3.58419e-09,457.02,0
0.123053,-0.242451,1.1473,-4.12044e-09,457.009,0
0.0647543,-0.123471,1.40853,-1.60852e-09,457.709,0
0.0918328,-0.16901,1.32861,-2.714e-09,457.384,0
0.0918337,-0.128391,1.4011,-2.1359e-09,457.384,0
0.0728618,-0.291865,0.988888,-3.33817e-09,457.612,0
0,-0.315705,0.901982,-5.64284e-40,458.486,1
0.0233532,-0.308618,0.928529,-1.39157e-09,458.206,0
0,-0.13891,1.38422,-2.9469e-40,458.486,1
0.0183113,-0.13282,1.39415,-5.76013e-10,458.266,0
0.0406562,-0.124086,1.40762,-1.10869e-09,457.998,0
0.0722919,-0.25025,1.12425,-3.08341e-09,457.619,0
0.0911935,-0.209104,1.23765,-3.18867e-09,457.392,0
0.0672246,-0.187463,1.28915,-2.38296e-09,457.679,0
0.0634506,-0.159151,1.34802,-1.98968e-09,457.725,0
0.0436451,-0.282078,1.02259,-2.26164e-09,457.962,0
0,-0.290449,0.993837,-5.3994e-40,458.486,1
0.0196795,-0.282349,1.02167,-1.13773e-09,458.25,0
0,-0.164167,1.3383,-3.42967e-40,458.486,1
0.0183114,-0.156824,1.35244,-6.7126e-10,458.266,0
0.0442726,-0.242409,1.14743,-2.08823e-09,457.955,0
0.0444097,-0.204572,1.2489,-1.84682e-09,457.953,0
0.039325,-0.17738,1.31122,-1.48409e-09,458.014,0
0.0196793,-0.258938,1.09771,-1.07632e-09,458.25,0
0,-0.265192,1.07804,-5.07521e-40,458.486,1
0,-0.189423,1.28471,-3.89419e-40,458.486,1
0.0196795,-0.235527,1.16716,-1.00615e-09,458.25,0
0.0205171,-0.206686,1.24368,-9.44569e-10,458.24,0
0,-0.239936,1.15458,-4.7205e-40,458.486,1
0,-0.214679,1.22348,-4.32253e-40,458.486,1
