sample_id,case_id,family,sampling_tag,noise_tag,x_star,y_star,u_obs,v_obs,p_obs,region_id,wall_distance_star
10467,B-train-1__ip_skewed_top,bend,region_aware_5pct,noise_5pct,9.83664,11.9132,-0.01468785993232166,1.364349021646184,2.2444690844729824,1,0.33663999999999883
9884,B-train-1__ip_skewed_top,bend,region_aware_5pct,noise_5pct,10.1364,11.2034,0.011205636203934125,1.3899055250403742,6.847056341891614,1,0.36360000000000026
4125,B-train-1__ip_skewed_top,bend,region_aware_5pct,noise_5pct,7.43888,0.911761,1.070419029382604,0.755707099502226,140.94235904585216,1,0.35865879668610123
9319,B-train-1__ip_skewed_top,bend,region_aware_5pct,noise_5pct,9.90909,10.0767,0.020485159231077976,1.4468373844534979,25.75721049193207,1,0.4090900000000006
2791,B-train-1__ip_skewed_top,bend,region_aware_5pct,noise_5pct,4.91523,-0.00227922,1.4308071755628158,0.18160575488763028,174.3653431001132,1,0.42834439483399134
4637,B-train-1__ip_skewed_top,bend,region_aware_5pct,noise_5pct,8.08087,1.62946,1.0776244434390323,1.0318120064946439,135.01770596889762,1,0.4795584994629838
10077,B-train-1__ip_skewed_top,bend,region_aware_5pct,noise_5pct,10.2965,11.7065,-0.046679042790523144,0.9857731523503938,-0.6914538595543163,1,0.20350000000000035
6128,B-train-1__ip_skewed_top,bend,region_aware_5pct,noise_5pct,9.67758,3.98319,0.4924762654491845,1.4128444473313237,95.03256162242678,1,0.4748496091383734
5175,B-train-1__ip_skewed_top,bend,region_aware_5pct,noise_5pct,8.62607,2.5741,0.6845097619940691,0.9669022328740143,119.47023596123367,1,0.256501928680299
4786,B-train-1__ip_skewed_top,bend,region_aware_5pct,noise_5pct,8.3752,1.65708,0.9056992119072669,0.9353038836443586,126.0425828948286,1,0.3353159718928014
5948,B-train-1__ip_skewed_top,bend,region_aware_5pct,noise_5pct,9.77739,3.59493,0.4041019542708062,0.9799712229558922,98.55224149825074,1,0.24199737000694377
9248,B-train-1__ip_skewed_top,bend,region_aware_5pct,noise_5pct,9.95455,9.95888,-0.017337043874134636,1.4643185526360494,24.258214440405805,1,0.4545499999999991
3231,B-train-1__ip_skewed_top,bend,region_aware_5pct,noise_5pct,5.693,0.5878,0.7817590865919465,0.2763445539618437,160.58383191086526,1,0.1708163292422018
3080,B-train-1__ip_skewed_top,bend,region_aware_5pct,noise_5pct,5.41987,0.329389,1.3224776583233435,0.3679077137875782,166.8519822518014,1,0.34567018657578696
3184,B-train-1__ip_skewed_top,bend,region_aware_5pct,noise_5pct,5.69309,0.120771,1.3349095539163784,0.41185488516066154,170.07213775789958,1,0.3818395425960759
5107,B-train-1__ip_skewed_top,bend,region_aware_5pct,noise_5pct,8.72118,2.21943,0.917508673714071,1.1716847663001777,115.68193632124496,1,0.4516737755557525
5372,B-train-1__ip_skewed_top,bend,region_aware_5pct,noise_5pct,8.78369,2.87586,0.5611811153524543,0.8758594279958273,119.37705927438064,1,0.2134876175327447
2202,B-train-1__ip_skewed_top,bend,region_aware_5pct,noise_5pct,3.85207,-0.318182,0.8867681676993237,0.011212664986958398,185.0547182556601,1,0.18181799999999998
4985,B-train-1__ip_skewed_top,bend,region_aware_5pct,noise_5pct,8.46663,2.16009,0.9093356472236704,1.1094397603795136,128.00641207478918,1,0.39030494668994287
3798,B-train-1__ip_skewed_top,bend,region_aware_5pct,noise_5pct,6.77054,0.649586,1.358165045001112,0.667344278979308,149.48668024290805,1,0.47481769047641187
5573,B-train-1__ip_skewed_top,bend,region_aware_5pct,noise_5pct,9.00089,3.14894,0.5798820898000799,1.0377957346673907,107.80678673592926,1,0.2565131734149624
2364,B-train-1__ip_skewed_top,bend,region_aware_5pct,noise_5pct,4.13399,-0.0236623,1.5105978217167977,0.03677866069216941,186.8321808519985,1,0.47484765134181117
2156,B-train-1__ip_skewed_top,bend,region_aware_5pct,noise_5pct,3.77971,0.272727,1.077724101541165,-0.021020033535314092,187.61138290203326,1,0.227273
6608,B-train-1__ip_skewed_top,bend,region_aware_5pct,noise_5pct,9.9663,4.87407,0.271746115404241,1.439732309062648,84.67885778984036,1,0.42838950072552784
2765,B-train-1__ip_skewed_top,bend,region_aware_5pct,noise_5pct,4.92231,-0.0951298,1.2981506527807223,0.1894139441862004,173.2784000480463,1,0.3354835538423586
5684,B-train-1__ip_skewed_top,bend,region_aware_5pct,noise_5pct,9.5774,3.05666,0.3775871872242276,0.8256029284011296,106.23162098336411,1,0.1936031590455709
6757,B-train-1__ip_skewed_top,bend,region_aware_5pct,noise_5pct,10.1551,5.16788,0.16076265002703444,1.2086190225649245,82.29005843645052,1,0.28890672229115566
4659,B-train-1__ip_skewed_top,bend,region_aware_5pct,noise_5pct,7.99211,1.8526,0.8560383034616024,0.7968648125031971,131.63534099469342,1,0.2565500963771701
4979,B-train-1__ip_skewed_top,bend,region_aware_5pct,noise_5pct,8.34863,2.2941,0.67996240550541,0.7893706228738825,118.65895274185132,1,0.21351710305482552
4322,B-train-1__ip_skewed_top,bend,region_aware_5pct,noise_5pct,7.47698,1.52018,0.6981927442925869,0.5493154075070611,133.4414841203196,1,0.17081803206556767
6197,B-train-1__ip_skewed_top,bend,region_aware_5pct,noise_5pct,9.76621,4.09846,0.5110249892534825,1.38919094048398,98.50640169485482,1,0.4283418956845084
4032,B-train-1__ip_skewed_top,bend,region_aware_5pct,noise_5pct,7.0216,0.995773,1.1905476577517473,0.6922107705903795,144.52597867466267,1,0.34571248245489716
9215,B-train-1__ip_skewed_top,bend,region_aware_5pct,noise_5pct,10.1818,9.91339,-0.02659088114794835,1.3092598966753703,22.515622539937954,1,0.31819999999999937
9724,B-train-1__ip_skewed_top,bend,region_aware_5pct,noise_5pct,10.2727,10.9594,-0.022960753255243348,1.0496812158153481,15.97802365225485,1,0.2272999999999999
6172,B-train-1__ip_skewed_top,bend,region_aware_5pct,noise_5pct,9.99165,4.03263,0.29953570038984634,0.8451848468301703,94.94851600039213,1,0.1936211309975988
6830,B-train-1__ip_skewed_top,bend,region_aware_5pct,noise_5pct,10.2701,5.32506,0.07854265167077,0.9117526145495098,82.13210431344781,1,0.1936779329311138
9977,B-train-1__ip_skewed_top,bend,region_aware_5pct,noise_5pct,9.90909,11.2592,0.008279004505112118,1.4838048280211567,2.404921089386823,1,0.4090900000000005
9541,B-train-1__ip_skewed_top,bend,region_aware_5pct,noise_5pct,10.0909,10.5046,-0.020944310773021467,1.4494596012638379,22.306135444952854,1,0.40910000000000074
5723,B-train-1__ip_skewed_top,bend,region_aware_5pct,noise_5pct,9.20304,3.33529,0.6596289991155553,1.2159540957237864,101.8834450487478,1,0.3457082227647996
5462,B-train-1__ip_skewed_top,bend,region_aware_5pct,noise_5pct,9.20334,2.7817,0.7141391063943981,1.1661467722181542,112.9089121069431,1,0.38181382715432477
6625,B-train-1__ip_skewed_top,bend,region_aware_5pct,noise_5pct,9.8809,4.91846,0.2691779069884199,1.45208533348357,85.78959764437732,1,0.4795245280540499
2499,B-train-1__ip_skewed_top,bend,region_aware_5pct,noise_5pct,4.41915,-0.292417,0.8894583947962847,0.09129884677661176,186.46828681006662,1,0.1936382577282325
9497,B-train-1__ip_skewed_top,bend,region_aware_5pct,noise_5pct,9.81818,10.3992,0.01004625259836275,1.311694359017151,17.926754695183323,1,0.31817999999999963
5814,B-train-1__ip_skewed_top,bend,region_aware_5pct,noise_5pct,9.16892,3.56641,0.4941864880756508,0.9651375905168494,103.4192343916428,1,0.2131509917470238
2329,B-train-1__ip_skewed_top,bend,region_aware_5pct,noise_5pct,4.0409,0.198435,1.3003048399168915,0.048762724698559926,179.9513530040558,1,0.3017091670666332
5007,B-train-1__ip_skewed_top,bend,region_aware_5pct,noise_5pct,8.56515,2.13814,0.9731836878143916,1.1186761981537536,123.97033372436043,1,0.47951145011864593
9117,B-train-1__ip_skewed_top,bend,region_aware_5pct,noise_5pct,10.0909,9.74078,-0.03844970419885596,1.433862810838149,23.718625970938394,1,0.4091000000000007
2139,B-train-1__ip_skewed_top,bend,region_aware_5pct,noise_5pct,3.69909,0.0454545,1.524763749091341,0.007303874797717368,191.5792091124819,1,0.4545455
2661,B-train-1__ip_skewed_top,bend,region_aware_5pct,noise_5pct,4.69161,0.0377371,1.4545349064420323,0.17276740618752426,179.20632478559645,1,0.497758478633469
2205,B-train-1__ip_skewed_top,bend,region_aware_5pct,noise_5pct,3.81485,0.227273,1.1780182869637719,0.006027247091028365,184.58566829678318,1,0.272727
7144,B-train-1__ip_skewed_top,bend,region_aware_5pct,noise_5pct,9.71315,5.92577,0.021770332211513796,1.0507354393300008,73.66101003020654,1,0.21363220862176302
4916,B-train-1__ip_skewed_top,bend,region_aware_5pct,noise_5pct,8.52323,1.88028,0.9357860678284392,1.0332120298417027,121.68733440928929,1,0.38185465101555405
9277,B-train-1__ip_skewed_top,bend,region_aware_5pct,noise_5pct,9.77273,9.99195,-0.009775927473525677,1.206266444303418,23.702630965622742,1,0.27272999999999903
2657,B-train-1__ip_skewed_top,bend,region_aware_5pct,noise_5pct,4.66898,-0.0346743,1.4099593367739778,0.1782387721918595,180.1287158904456,1,0.42835869410251703
10336,B-train-1__ip_skewed_top,bend,region_aware_5pct,noise_5pct,9.653,11.7443,-0.04343284304951768,0.7622624332474224,-0.014972598948058469,1,0.15300000000000014
5762,B-train-1__ip_skewed_top,bend,region_aware_5pct,noise_5pct,9.44089,3.30528,0.6270965775117198,1.3269430409751999,107.6384542958991,1,0.4283610227138839
10011,B-train-1__ip_skewed_top,bend,region_aware_5pct,noise_5pct,9.81818,11.3233,-0.008979996972528433,1.2697330016190085,8.446831451096195,1,0.3181799999999996
5500,B-train-1__ip_skewed_top,bend,region_aware_5pct,noise_5pct,9.02288,2.92325,0.7469037152764869,1.239485582324463,104.10268553115523,1,0.39030678801197993
5579,B-train-1__ip_skewed_top,bend,region_aware_5pct,noise_5pct,9.40263,2.93563,0.559170927863167,1.0295967205424188,112.27870017708763,1,0.2888185975774302
3209,B-train-1__ip_skewed_top,bend,region_aware_5pct,noise_5pct,5.75088,0.0892065,1.264171721126501,0.3881472859077527,163.8085381291917,1,0.33533775669402566
10075,B-train-1__ip_skewed_top,bend,region_aware_5pct,noise_5pct,10.3138,11.585,0.03151737022951578,0.8406107109154457,9.812921791312311,1,0.1861999999999998
2894,B-train-1__ip_skewed_top,bend,region_aware_5pct,noise_5pct,5.07237,0.162734,1.4354229075799219,0.2665767026090462,171.0896915126545,1,0.4349517076094216
6676,B-train-1__ip_skewed_top,bend,region_aware_5pct,noise_5pct,9.89664,5.00789,0.232363553692168,1.5033307054816107,80.60868826755046,1,0.47951883864412626
9338,B-train-1__ip_skewed_top,bend,region_aware_5pct,noise_5pct,10.1364,10.1408,0.005098766490431511,1.3849716125615135,22.24640310030452,1,0.36360000000000015
10053,B-train-1__ip_skewed_top,bend,region_aware_5pct,noise_5pct,9.90909,11.3502,0.009924170793884296,1.4294541727691683,4.3838189061013,1,0.4090900000000005
4085,B-train-1__ip_skewed_top,bend,region_aware_5pct,noise_5pct,7.11422,1.21025,0.8624933555595046,0.5408349570704297,145.5610369885818,1,0.2131489802822406
2809,B-train-1__ip_skewed_top,bend,region_aware_5pct,noise_5pct,4.90693,0.179967,1.420952588876859,0.20544984465759666,171.20023084063584,1,0.3902721623019261
5551,B-train-1__ip_skewed_top,bend,region_aware_5pct,noise_5pct,9.15576,2.97127,0.7878488179478743,1.3199620415670217,114.26299662820743,1,0.4795540461225043
4829,B-train-1__ip_skewed_top,bend,region_aware_5pct,noise_5pct,8.17535,2.09991,0.7786270795166614,0.747289109765729,131.07550387599883,1,0.2135146477977985
5192,B-train-1__ip_skewed_top,bend,region_aware_5pct,noise_5pct,8.97047,2.27537,0.6986696734404909,0.9608272149126115,120.4692982462051,1,0.2888454649880101
9646,B-train-1__ip_skewed_top,bend,region_aware_5pct,noise_5pct,10.0,10.7093,0.035875751790568504,1.4904003161033816,13.414382046256216,1,0.4999999999999997
4075,B-train-1__ip_skewed_top,bend,region_aware_5pct,noise_5pct,7.37205,0.839392,1.1264697665358234,0.7019370961806501,142.47984266798133,1,0.3353754265029254
9467,B-train-1__ip_skewed_top,bend,region_aware_5pct,noise_5pct,10.0455,10.3889,-0.039240692658450024,1.4722540454336561,19.743188179274295,1,0.45449999999999974
5321,B-train-1__ip_skewed_top,bend,region_aware_5pct,noise_5pct,8.86327,2.67663,0.7898762167386358,1.192892061704365,116.3881112155468,1,0.3903466154208619
2406,B-train-1__ip_skewed_top,bend,region_aware_5pct,noise_5pct,4.17437,0.156892,1.3619109665610318,0.04837459252724828,179.12095594789147,1,0.3457091953469602
6104,B-train-1__ip_skewed_top,bend,region_aware_5pct,noise_5pct,9.66213,3.94013,0.48911640061173706,1.3801033759661496,97.80449650275817,1,0.4748211185227049
4931,B-train-1__ip_skewed_top,bend,region_aware_5pct,noise_5pct,8.34783,2.15952,0.8828263860573828,0.9836270090902186,126.42077030828536,1,0.3011130259028745
2943,B-train-1__ip_skewed_top,bend,region_aware_5pct,noise_5pct,5.18162,0.399206,1.056024688066293,0.17203538194628076,174.8456793834189,1,0.22408239413410236
10412,B-train-1__ip_skewed_top,bend,region_aware_5pct,noise_5pct,9.86195,11.8201,-0.01848532837867932,1.383413046399215,-2.3155628208854537,1,0.3619499999999999
2914,B-train-1__ip_skewed_top,bend,region_aware_5pct,noise_5pct,5.25169,-0.0362739,1.2702770782216624,0.2964115696903695,166.84709306145348,1,0.3353158676278296
2611,B-train-1__ip_skewed_top,bend,region_aware_5pct,noise_5pct,4.59963,-0.0887039,1.4160287960522608,0.14986775164833813,183.01446693233757,1,0.3818408553899806
6241,B-train-1__ip_skewed_top,bend,region_aware_5pct,noise_5pct,10.0326,4.16187,0.2610836547531745,0.8689942287829339,90.06341754692488,1,0.19357592157806103
3144,B-train-1__ip_skewed_top,bend,region_aware_5pct,noise_5pct,5.52787,0.538886,0.859294158957551,0.202642665274978,164.91352085204196,1,0.1708158899664518
9914,B-train-1__ip_skewed_top,bend,region_aware_5pct,noise_5pct,10.0455,11.2323,0.0017172321169371416,1.5068962961631436,10.045650200170963,1,0.4544999999999998
3282,B-train-1__ip_skewed_top,bend,region_aware_5pct,noise_5pct,5.77499,0.614132,0.8708903376264385,0.27490600801015935,157.20355824228724,1,0.17081683829798955
10286,B-train-1__ip_skewed_top,bend,region_aware_5pct,noise_5pct,10.1114,11.8105,-0.0065195927981480176,1.4364691516341301,4.700935059094389,1,0.3886000000000006
6246,B-train-1__ip_skewed_top,bend,region_aware_5pct,noise_5pct,9.70649,4.21376,0.4474140460541805,1.396682617412667,96.03758861361932,1,0.4795218418950533
9239,B-train-1__ip_skewed_top,bend,region_aware_5pct,noise_5pct,10.1364,9.95888,0.016210764661199775,1.415044695676494,23.346268200667268,1,0.36360000000000015
5052,B-train-1__ip_skewed_top,bend,region_aware_5pct,noise_5pct,8.46525,2.36698,0.7372239735327158,0.8769548157952166,119.90173929697988,1,0.256499968114305
3913,B-train-1__ip_skewed_top,bend,region_aware_5pct,noise_5pct,7.13354,0.691182,1.190390989223417,0.6253467254976652,146.16339645728746,1,0.3353733698849206
3644,B-train-1__ip_skewed_top,bend,region_aware_5pct,noise_5pct,6.52721,0.479336,1.3145145638518532,0.6156723069050786,154.38208467685683,1,0.4283839560627678
6838,B-train-1__ip_skewed_top,bend,region_aware_5pct,noise_5pct,9.67789,5.36315,0.11892890728532113,1.0528992268584532,83.2138193854102,1,0.21349392006327417
5301,B-train-1__ip_skewed_top,bend,region_aware_5pct,noise_5pct,8.81673,2.68776,0.8076961605094479,1.153959482442587,109.96697387313627,1,0.34566691751249223
6906,B-train-1__ip_skewed_top,bend,region_aware_5pct,noise_5pct,10.2364,5.48012,0.11325720283220053,1.046531833900453,75.50301082280998,1,0.24196834664445
4342,B-train-1__ip_skewed_top,bend,region_aware_5pct,noise_5pct,7.52952,1.4525,0.884187110388032,0.7363138212654686,140.40256074934882,1,0.2564978659250796
10159,B-train-1__ip_skewed_top,bend,region_aware_5pct,noise_5pct,10.0421,11.5787,-0.024580864207984804,1.465825771811208,3.370086669052264,1,0.45790000000000075
9564,B-train-1__ip_skewed_top,bend,region_aware_5pct,noise_5pct,10.1818,10.5646,-0.00554450378228753,1.3323416653311044,22.499747830320413,1,0.3181999999999994
2430,B-train-1__ip_skewed_top,bend,region_aware_5pct,noise_5pct,4.23722,0.248526,1.160472754839426,0.037282740628305396,181.50300555295934,1,0.25636400005037885
3564,B-train-1__ip_skewed_top,bend,region_aware_5pct,noise_5pct,6.31923,0.658463,1.1955933849381337,0.5251886308074329,160.10459051386218,1,0.3233019254774181
3138,B-train-1__ip_skewed_top,bend,region_aware_5pct,noise_5pct,5.51331,0.399874,1.2483843743538534,0.3505957939147562,170.8125776534138,1,0.3009928781180209
5895,B-train-1__ip_skewed_top,bend,region_aware_5pct,noise_5pct,9.3771,3.59539,0.6585805084285165,1.2515031517838446,105.06550949206614,1,0.39027619573989103
3287,B-train-1__ip_skewed_top,bend,region_aware_5pct,noise_5pct,5.886,0.179804,1.3544215712230452,0.4256717002557686,162.3143610216881,1,0.3818566968061301
9393,B-train-1__ip_skewed_top,bend,region_aware_5pct,noise_5pct,9.86364,10.2235,-0.012370307561008716,1.3935826146390495,19.493706069557593,1,0.36363999999999996
2762,B-train-1__ip_skewed_top,bend,region_aware_5pct,noise_5pct,4.99026,-0.179137,1.0809326179622838,0.1607403668245237,175.04181595751933,1,0.242017183439299
3690,B-train-1__ip_skewed_top,bend,region_aware_5pct,noise_5pct,6.48906,0.710679,1.244089072873624,0.5739076464875741,148.12225689272722,1,0.3457109340644786
3316,B-train-1__ip_skewed_top,bend,region_aware_5pct,noise_5pct,5.89224,0.327789,1.471054185594126,0.4716806266430448,159.13883353871714,1,0.4795108366923291
6985,B-train-1__ip_skewed_top,bend,region_aware_5pct,noise_5pct,10.061,5.64248,0.10814251662950229,1.5263764655584484,78.09223513292183,1,0.4284646463682682
9367,B-train-1__ip_skewed_top,bend,region_aware_5pct,noise_5pct,9.70455,10.2049,0.014638362546721599,1.0531987721616802,24.969045176942466,1,0.20454999999999907
6368,B-train-1__ip_skewed_top,bend,region_aware_5pct,noise_5pct,10.0537,4.41428,0.24816830910136511,1.0889903490107096,87.66848675006831,1,0.24206171264049736
5139,B-train-1__ip_skewed_top,bend,region_aware_5pct,noise_5pct,8.97911,2.16941,0.5647015915182905,0.7841424033957298,115.89979117966314,1,0.21788601343464986
4286,B-train-1__ip_skewed_top,bend,region_aware_5pct,noise_5pct,7.73336,1.03604,0.9480955583093706,0.6981997643157791,135.94482314984043,1,0.2888104383137682
6764,B-train-1__ip_skewed_top,bend,region_aware_5pct,noise_5pct,9.65446,5.1806,0.19323028444355253,1.021569708830183,84.83460076022955,1,0.2135220531297506
10212,B-train-1__ip_skewed_top,bend,region_aware_5pct,noise_5pct,10.2404,11.8474,-0.02359413652659759,1.1280497922516963,3.459579683882651,1,0.25960000000000105
6979,B-train-1__ip_skewed_top,bend,region_aware_5pct,noise_5pct,10.2953,5.62745,0.01449197870686661,0.9240178393663702,75.69078604264237,1,0.1936860534461191
5595,B-train-1__ip_skewed_top,bend,region_aware_5pct,noise_5pct,9.06024,3.16339,0.6302401631766171,1.0960331551781777,109.78460540545227,1,0.301067587065333
5155,B-train-1__ip_skewed_top,bend,region_aware_5pct,noise_5pct,9.01529,2.17675,0.5104482012426695,0.7178211185709719,120.62818459101285,1,0.1936243097481105
6491,B-train-1__ip_skewed_top,bend,region_aware_5pct,noise_5pct,9.54943,4.7336,0.15683265421050904,0.9606982506100556,85.49329152895801,1,0.19209471854606353
3818,B-train-1__ip_skewed_top,bend,region_aware_5pct,noise_5pct,6.64535,0.98497,0.8106356962811432,0.42442001853153943,144.5144189640853,1,0.16995613064157666
4775,B-train-1__ip_skewed_top,bend,region_aware_5pct,noise_5pct,8.1952,1.89721,0.9542593779247778,1.0417986157176211,127.03101764214189,1,0.36792883597781856
6740,B-train-1__ip_skewed_top,bend,region_aware_5pct,noise_5pct,9.64807,5.13769,0.08457579143958309,0.9587451359799518,85.68378825529722,1,0.2135167157364659
3893,B-train-1__ip_skewed_top,bend,region_aware_5pct,noise_5pct,6.99455,0.718144,1.250005295028107,0.7289890735036094,155.2801771212471,1,0.42831716019059485
9104,B-train-1__ip_skewed_top,bend,region_aware_5pct,noise_5pct,9.68182,9.67772,-0.015551084337485277,0.9142033621537151,26.90883643589586,1,0.18181999999999987
3165,B-train-1__ip_skewed_top,bend,region_aware_5pct,noise_5pct,5.54866,0.409423,1.2541050592102796,0.37181300120484684,165.46843233834502,1,0.3011118751950468
5509,B-train-1__ip_skewed_top,bend,region_aware_5pct,noise_5pct,9.43758,2.80572,0.496358881951226,0.7530182268550488,116.05624439784157,1,0.19359841313606108
6475,B-train-1__ip_skewed_top,bend,region_aware_5pct,noise_5pct,9.72383,4.60963,0.31510863409117784,1.4185225002148054,89.05721075706704,1,0.3902766153891273
7152,B-train-1__ip_skewed_top,bend,region_aware_5pct,noise_5pct,10.2153,5.98952,-0.009883481619592155,1.2375056465079184,71.16806840748384,1,0.2846911645196588
3938,B-train-1__ip_skewed_top,bend,region_aware_5pct,noise_5pct,7.20963,0.627773,0.8781428127203061,0.5817006899726515,140.35286636562148,1,0.2420013042164193
10346,B-train-1__ip_skewed_top,bend,region_aware_5pct,noise_5pct,9.86468,11.709,0.01365562485962528,1.3973584043273004,4.102163534732255,1,0.36467999999999956
9690,B-train-1__ip_skewed_top,bend,region_aware_5pct,noise_5pct,10.0909,10.7775,0.0015158412596881412,1.4979254727592182,17.29328724746751,1,0.40910000000000074
3053,B-train-1__ip_skewed_top,bend,region_aware_5pct,noise_5pct,5.38674,0.321197,1.3673830087848209,0.3488634602294568,168.07289548963047,1,0.3456694518599841
3612,B-train-1__ip_skewed_top,bend,region_aware_5pct,noise_5pct,6.34406,0.836355,0.7491659330956199,0.4163916949078886,151.68254296579764,1,0.17078891950890718
5451,B-train-1__ip_skewed_top,bend,region_aware_5pct,noise_5pct,9.22551,2.72942,0.7125472892455859,1.1179200503000049,112.83040936224674,1,0.33537119556254247
6539,B-train-1__ip_skewed_top,bend,region_aware_5pct,noise_5pct,10.1369,4.77477,0.14291595478089383,1.0407020508747569,85.64270145943105,1,0.241986723975411
3866,B-train-1__ip_skewed_top,bend,region_aware_5pct,noise_5pct,7.0282,0.630399,1.1250782953795004,0.6404703258161136,147.27552556825634,1,0.3353742904211128
2464,B-train-1__ip_skewed_top,bend,region_aware_5pct,noise_5pct,4.35693,-0.154284,1.2837969527014126,0.04903975082162206,181.67206572698055,1,0.3353742548670482
3979,B-train-1__ip_skewed_top,bend,region_aware_5pct,noise_5pct,6.93019,1.0955,0.8605222935721603,0.5352525319739931,137.9072856734158,1,0.2131544426962586
10068,B-train-1__ip_skewed_top,bend,region_aware_5pct,noise_5pct,10.3289,11.7349,0.019770485466980788,0.7762961317990934,9.152047072775131,1,0.17109999999999947
6689,B-train-1__ip_skewed_top,bend,region_aware_5pct,noise_5pct,10.089,5.03719,0.20447065289609406,1.2943430113177716,81.02474780040055,1,0.33534882608107264
4946,B-train-1__ip_skewed_top,bend,region_aware_5pct,noise_5pct,8.5422,1.97095,1.0059992357030747,1.075393325708158,124.58181877994457,1,0.4283589745028573
4078,B-train-1__ip_skewed_top,bend,region_aware_5pct,noise_5pct,7.42514,0.818568,0.9864379963855319,0.6346724944710457,142.57724264574293,1,0.28881479987724124
5652,B-train-1__ip_skewed_top,bend,region_aware_5pct,noise_5pct,9.20623,3.15064,0.7105808171227128,1.348242790346901,99.28658219127949,1,0.4349543572381416
2325,B-train-1__ip_skewed_top,bend,region_aware_5pct,noise_5pct,4.09166,-0.257328,1.0845884395593544,0.07690477205412183,186.041875321044,1,0.24200069869099394
5366,B-train-1__ip_skewed_top,bend,region_aware_5pct,noise_5pct,9.10748,2.63192,0.7580806572534722,1.2127136673288301,111.75493337142066,1,0.38196805853385474
2547,B-train-1__ip_skewed_top,bend,region_aware_5pct,noise_5pct,4.47843,0.349427,0.8695008810254349,0.06388274544724809,176.2144851426306,1,0.17079099361182593
9151,B-train-1__ip_skewed_top,bend,region_aware_5pct,noise_5pct,9.72727,9.77695,-0.03495180057405482,1.0238996013418609,23.789477082111347,1,0.22727000000000053
3702,B-train-1__ip_skewed_top,bend,region_aware_5pct,noise_5pct,6.70003,0.484061,1.2155508446039094,0.6024316225031326,153.5950273480321,1,0.35868539703256985
10321,B-train-1__ip_skewed_top,bend,region_aware_5pct,noise_5pct,10.1365,11.8964,-0.02575291838693403,1.4068820536326532,0.3263988745880746,1,0.3635000000000005
4005,B-train-1__ip_skewed_top,bend,region_aware_5pct,noise_5pct,7.06682,0.866808,1.3024630009897245,0.7723234061165644,144.39178246540786,1,0.4795522425399037
2440,B-train-1__ip_skewed_top,bend,region_aware_5pct,noise_5pct,4.31019,-0.156817,1.3157935331764543,0.10106062421021088,181.89151484874705,1,0.33537402532894944
2078,B-train-1__ip_skewed_top,bend,region_aware_5pct,noise_5pct,3.58022,-0.181818,1.2999661804850848,0.008367766078110607,189.1265905232824,1,0.31818199999999996
10119,B-train-1__ip_skewed_top,bend,region_aware_5pct,noise_5pct,10.1225,11.51,0.054875088663540766,1.436597070897922,11.930000946553811,1,0.37749999999999984
4147,B-train-1__ip_skewed_top,bend,region_aware_5pct,noise_5pct,7.37277,1.06244,1.2023476176330241,0.8445123586216712,138.94141777944978,1,0.47955485186815494
5210,B-train-1__ip_skewed_top,bend,region_aware_5pct,noise_5pct,8.72407,2.55675,0.8017446662919328,1.1322695578659199,117.85295604612854,1,0.34575127142782147
2757,B-train-1__ip_skewed_top,bend,region_aware_5pct,noise_5pct,4.81845,0.166867,1.424659995822792,0.19649436005415494,180.55198409015253,1,0.3902717253271941
6370,B-train-1__ip_skewed_top,bend,region_aware_5pct,noise_5pct,9.96446,4.44184,0.34366718477765834,1.2834819891165496,93.89829871227562,1,0.33537140800842646
10069,B-train-1__ip_skewed_top,bend,region_aware_5pct,noise_5pct,10.3388,11.9377,0.009844086919775492,0.8364513598886362,-5.839017970608625,1,0.1611999999999995
5260,B-train-1__ip_skewed_top,bend,region_aware_5pct,noise_5pct,8.82256,2.54072,0.857988181796585,1.1928006846266872,113.90694921477088,1,0.4349560294917092
5199,B-train-1__ip_skewed_top,bend,region_aware_5pct,noise_5pct,8.61691,2.63485,0.6652089994746531,0.8905100325557879,119.4325685915103,1,0.21315083562477
3420,B-train-1__ip_skewed_top,bend,region_aware_5pct,noise_5pct,6.08581,0.396066,1.3911728477435437,0.5006445883602132,159.76770818042075,1,0.4795216892704719
2873,B-train-1__ip_skewed_top,bend,region_aware_5pct,noise_5pct,5.14239,0.0367555,1.429788336855646,0.2978992766843191,172.61935492019222,1,0.4283165531394628
5957,B-train-1__ip_skewed_top,bend,region_aware_5pct,noise_5pct,9.73876,3.62408,0.4912591975790575,1.1358611703139403,96.72942317547052,1,0.28885178215815
2567,B-train-1__ip_skewed_top,bend,region_aware_5pct,noise_5pct,4.47713,0.263306,1.1456971287310922,0.11214740197577208,179.6922561959057,1,0.2565016361099044
7108,B-train-1__ip_skewed_top,bend,region_aware_5pct,noise_5pct,9.8877,5.82319,0.049816620776316774,1.4544688998365423,64.02146321145518,1,0.3903542394409536
3785,B-train-1__ip_skewed_top,bend,region_aware_5pct,noise_5pct,6.95272,0.482444,0.9177539125546893,0.5161034307858599,154.07815393790608,1,0.24204669148642477
2705,B-train-1__ip_skewed_top,bend,region_aware_5pct,noise_5pct,4.70528,0.196993,1.3661921555072447,0.16093730210831206,178.07706425337145,1,0.3457086927462445
9113,B-train-1__ip_skewed_top,bend,region_aware_5pct,noise_5pct,10.3182,9.78522,0.012271896483971761,0.8827858830806994,23.843193062484815,1,0.18180000000000107
5899,B-train-1__ip_skewed_top,bend,region_aware_5pct,noise_5pct,9.46655,3.57681,0.6161612604081665,1.3780833210878924,103.73385309226266,1,0.4795500398106878
2363,B-train-1__ip_skewed_top,bend,region_aware_5pct,noise_5pct,4.11124,0.0215569,1.5505381893876256,0.08124846913246772,185.57313437614957,1,0.4794779234927864
3572,B-train-1__ip_skewed_top,bend,region_aware_5pct,noise_5pct,6.32142,0.537887,1.369332542652336,0.5869809866143975,160.33156410065473,1,0.43495317935777855
2435,B-train-1__ip_skewed_top,bend,region_aware_5pct,noise_5pct,4.26765,0.292782,1.0242023742315283,0.07607436596082943,181.19750930120694,1,0.21349051123951757
10440,B-train-1__ip_skewed_top,bend,region_aware_5pct,noise_5pct,9.74169,11.9579,-0.0146512613227308,1.1127398871229262,-0.22818566107596716,1,0.2416899999999998
2463,B-train-1__ip_skewed_top,bend,region_aware_5pct,noise_5pct,4.31209,0.0732946,1.5000504616542278,0.13102932760763783,179.042558092283,1,0.43491676997151885
4862,B-train-1__ip_skewed_top,bend,region_aware_5pct,noise_5pct,8.30455,1.97923,0.9182527842012365,1.0805037194036387,125.73942066885978,1,0.39030916806579885
6845,B-train-1__ip_skewed_top,bend,region_aware_5pct,noise_5pct,9.72082,5.36039,0.15533221521683563,1.1982338891690345,77.88042998824544,1,0.2564644031297538
7104,B-train-1__ip_skewed_top,bend,region_aware_5pct,noise_5pct,10.1631,5.86175,0.05695644674518535,1.3710605691304105,80.39513263219509,1,0.33534959040660617
4548,B-train-1__ip_skewed_top,bend,region_aware_5pct,noise_5pct,7.8874,1.57458,1.0975362698848101,0.9887335999538692,127.86337220053741,1,0.39034981443377426
3059,B-train-1__ip_skewed_top,bend,region_aware_5pct,noise_5pct,5.36135,0.451063,1.0015788273008717,0.24419058173788583,165.98429593882733,1,0.21349067142574452
2706,B-train-1__ip_skewed_top,bend,region_aware_5pct,noise_5pct,4.72192,0.332302,1.0650900132265617,0.10463157887964393,177.63397602478125,1,0.2134900984953143
2144,B-train-1__ip_skewed_top,bend,region_aware_5pct,noise_5pct,3.70322,-0.0454545,1.4916432469178416,-0.04479932006583483,188.75170008801484,1,0.4545455
6587,B-train-1__ip_skewed_top,bend,region_aware_5pct,noise_5pct,10.0116,4.8634,0.23895277025833106,1.3878245216902338,78.84086231454003,1,0.381896198984526
2998,B-train-1__ip_skewed_top,bend,region_aware_5pct,noise_5pct,5.264,0.33823,1.2769625019446968,0.2663784323919709,169.00476237345015,1,0.30114950099547055
5580,B-train-1__ip_skewed_top,bend,region_aware_5pct,noise_5pct,9.44335,2.91253,0.547379994998139,0.9297997999513835,108.31341121653713,1,0.2420026986742796
2589,B-train-1__ip_skewed_top,bend,region_aware_5pct,noise_5pct,4.50152,0.175884,1.3603841734573112,0.1162766861430887,177.36716725599194,1,0.345669293746953
4828,B-train-1__ip_skewed_top,bend,region_aware_5pct,noise_5pct,8.17844,2.16741,0.591810394829304,0.5800173135967057,124.85176193455706,1,0.1699300649743476
6093,B-train-1__ip_skewed_top,bend,region_aware_5pct,noise_5pct,9.51998,3.94425,0.48427740847432527,1.3483383897829955,99.8391898746314,1,0.3903554445296429
5699,B-train-1__ip_skewed_top,bend,region_aware_5pct,noise_5pct,9.15093,3.33152,0.6221591657312848,1.1388690423284131,104.8981501568446,1,0.30110897805755865
3566,B-train-1__ip_skewed_top,bend,region_aware_5pct,noise_5pct,6.2918,0.719326,1.0841880303116547,0.4404997867504514,155.49940701020955,1,0.2565497595587587
10081,B-train-1__ip_skewed_top,bend,region_aware_5pct,noise_5pct,10.2273,11.5052,-0.031624654050499294,1.1880365860246151,0.3503392318775598,1,0.2727000000000007
3923,B-train-1__ip_skewed_top,bend,region_aware_5pct,noise_5pct,6.85928,0.901337,1.1921535016194276,0.6744868836071082,141.0762810805376,1,0.345669038353865
2072,B-train-1__ip_skewed_top,bend,region_aware_5pct,noise_5pct,3.57712,-0.0454545,1.4649283664700337,0.006221051874855093,192.80471662535282,1,0.4545455
4373,B-train-1__ip_skewed_top,bend,region_aware_5pct,noise_5pct,7.70988,1.25246,1.199815080732986,0.9168558101510489,136.77618018910184,1,0.4748572078331623
2008,B-train-1__ip_skewed_top,bend,region_aware_5pct,noise_5pct,3.49236,-0.409091,0.48626316153786975,0.05723174176502502,194.3288633117932,2,0.09090900000000002
7622,B-train-1__ip_skewed_top,bend,region_aware_5pct,noise_5pct,9.59091,6.8166,0.01611475718965407,0.47332533971699436,60.534584237016304,2,0.0909099999999991
6567,B-train-1__ip_skewed_top,bend,region_aware_5pct,noise_5pct,9.47731,4.90645,0.07394549769169192,0.48359789915116164,82.99106075079598,2,0.08540745502062652
473,B-train-1__ip_skewed_top,bend,region_aware_5pct,noise_5pct,0.540277,-0.454545,0.25363704744804977,0.0035520552387428286,224.9378864588321,2,0.04545500000000002
1745,B-train-1__ip_skewed_top,bend,region_aware_5pct,noise_5pct,3.00034,0.409091,0.4776487584204555,-0.032805136993962675,197.78903673027511,2,0.09090900000000002
4803,B-train-1__ip_skewed_top,bend,region_aware_5pct,noise_5pct,8.14149,2.1593,0.5572978410490428,0.6030129546025442,133.07335826406006,2,0.1482666288074599
1403,B-train-1__ip_skewed_top,bend,region_aware_5pct,noise_5pct,2.3078,-0.363636,0.7406639946676337,0.024889963239941585,202.35906018423984,2,0.13636399999999999
2908,B-train-1__ip_skewed_top,bend,region_aware_5pct,noise_5pct,5.30012,-0.269821,0.508003366920713,0.13527609579071706,175.34352966377637,2,0.09680022282288903
1202,B-train-1__ip_skewed_top,bend,region_aware_5pct,noise_5pct,1.90468,0.363636,0.6919956418800128,-0.0037688419811168377,210.3465090962441,2,0.13636399999999999
4508,B-train-1__ip_skewed_top,bend,region_aware_5pct,noise_5pct,8.2224,1.12205,0.18255911547310671,0.2373635923562991,138.70809917613366,2,0.04840655632269364
6654,B-train-1__ip_skewed_top,bend,region_aware_5pct,noise_5pct,10.323,4.98956,0.09112151451766967,0.48560705802068377,82.34979450878815,2,0.0967728453849146
5418,B-train-1__ip_skewed_top,bend,region_aware_5pct,noise_5pct,8.69125,3.04896,0.15658436069883327,0.24665135088735296,111.44446904194561,2,0.04224355690906112
4571,B-train-1__ip_skewed_top,bend,region_aware_5pct,noise_5pct,7.78014,1.8894,0.3451333304512976,0.2712413713497706,130.7979019844191,2,0.0844866173713763
927,B-train-1__ip_skewed_top,bend,region_aware_5pct,noise_5pct,1.40233,-0.454545,0.2632405727192012,0.038642036757755495,225.06113475213309,2,0.04545500000000002
6627,B-train-1__ip_skewed_top,bend,region_aware_5pct,noise_5pct,10.3622,4.92956,0.03242334853871222,0.25016691269119296,82.88478058072998,2,0.04837767428997797
5555,B-train-1__ip_skewed_top,bend,region_aware_5pct,noise_5pct,9.50358,2.8229,0.3672417119082871,0.6299636954320392,103.76393398597105,2,0.14520989910760385
9657,B-train-1__ip_skewed_top,bend,region_aware_5pct,noise_5pct,9.59091,10.7279,0.00790129929631188,0.5499472777900415,14.205416313557503,2,0.09090999999999888
7830,B-train-1__ip_skewed_top,bend,region_aware_5pct,noise_5pct,9.54545,7.22799,-0.031186189690924643,0.3076441961817603,59.24312579506656,2,0.0454500000000006
984,B-train-1__ip_skewed_top,bend,region_aware_5pct,noise_5pct,1.49743,0.454545,0.2901750583785548,0.00740585693978967,219.63772213805234,2,0.04545500000000002
1541,B-train-1__ip_skewed_top,bend,region_aware_5pct,noise_5pct,2.58482,-0.454545,0.2588653449429118,0.005222902602980335,203.4623171822931,2,0.04545500000000002
3308,B-train-1__ip_skewed_top,bend,region_aware_5pct,noise_5pct,5.81644,0.763884,0.24985647673552722,0.10973754903098276,160.09680790388126,2,0.042234661132276585
5358,B-train-1__ip_skewed_top,bend,region_aware_5pct,noise_5pct,9.34316,2.47135,0.30609731674963503,0.4088458481634067,110.57675299498158,2,0.09681878999977211
4256,B-train-1__ip_skewed_top,bend,region_aware_5pct,noise_5pct,7.77062,0.824733,0.40484971873216974,0.32121235388692354,141.09901190470197,2,0.09680051023794789
1744,B-train-1__ip_skewed_top,bend,region_aware_5pct,noise_5pct,2.95486,0.409091,0.4449551365933164,-0.0276539243659439,208.10922572276075,2,0.09090900000000002
1179,B-train-1__ip_skewed_top,bend,region_aware_5pct,noise_5pct,1.86127,0.454545,0.23800284036655453,0.02712082605719743,212.22203329985706,2,0.04545500000000002
5340,B-train-1__ip_skewed_top,bend,region_aware_5pct,noise_5pct,8.62282,2.94287,0.1648799795488941,0.21914960945658338,115.17770397228546,2,0.042247611691488274
9587,B-train-1__ip_skewed_top,bend,region_aware_5pct,noise_5pct,9.59091,10.5956,-0.03876697381041023,0.4996908095814382,20.235807276630116,2,0.09090999999999888
3738,B-train-1__ip_skewed_top,bend,region_aware_5pct,noise_5pct,6.4923,1.00251,0.41223239136886775,0.22385422049248194,150.73714626879172,2,0.08448436206065502
1924,B-train-1__ip_skewed_top,bend,region_aware_5pct,noise_5pct,3.30837,-0.363636,0.6505363687858492,0.02042443104711787,192.6675960039536,2,0.13636399999999999
8708,B-train-1__ip_skewed_top,bend,region_aware_5pct,noise_5pct,10.4091,8.96244,0.016952638861164104,0.4815849266760235,39.07346628258938,2,0.0908999999999997
4054,B-train-1__ip_skewed_top,bend,region_aware_5pct,noise_5pct,7.42343,0.646162,0.6015309047857504,0.3993842648537249,139.01926749028658,2,0.14520226166528616
1816,B-train-1__ip_skewed_top,bend,region_aware_5pct,noise_5pct,3.13885,0.363636,0.6988720857759445,0.009567185748825117,192.68108141524348,2,0.13636399999999999
2953,B-train-1__ip_skewed_top,bend,region_aware_5pct,noise_5pct,5.16864,0.581903,0.26866709178083537,0.02070614772020208,170.49482891382928,2,0.04269740749113993
6508,B-train-1__ip_skewed_top,bend,region_aware_5pct,noise_5pct,10.2704,4.70266,0.1088740316587748,0.49141611628238,82.48391832864196,2,0.09679711116381995
9180,B-train-1__ip_skewed_top,bend,region_aware_5pct,noise_5pct,10.4545,9.91546,-0.015601649096952254,0.2261663068066722,22.828384338813468,2,0.04550000000000076
1427,B-train-1__ip_skewed_top,bend,region_aware_5pct,noise_5pct,2.35328,-0.363636,0.6902869165827185,-0.020214631844679955,201.10548964500757,2,0.13636399999999999
3586,B-train-1__ip_skewed_top,bend,region_aware_5pct,noise_5pct,6.26213,0.894194,0.5049431148567627,0.1747764337760862,158.4802425859733,2,0.08448628313616702
8888,B-train-1__ip_skewed_top,bend,region_aware_5pct,noise_5pct,9.59091,9.27254,0.03058198041016091,0.45304892781118355,36.26311210707249,2,0.09090999999999894
10276,B-train-1__ip_skewed_top,bend,region_aware_5pct,noise_5pct,9.56068,11.7971,-0.026914934945710577,0.3318525773909009,0.5924523434551328,2,0.06067999999999929
3582,B-train-1__ip_skewed_top,bend,region_aware_5pct,noise_5pct,6.70447,0.142624,0.22876187046215224,0.10353598627850435,151.82507263882516,2,0.0484101504918959
7506,B-train-1__ip_skewed_top,bend,region_aware_5pct,noise_5pct,10.4091,6.63882,0.04767646456123801,0.5168210954317004,71.08822663428998,2,0.09089999999999959
5018,B-train-1__ip_skewed_top,bend,region_aware_5pct,noise_5pct,8.29941,2.50191,0.16426620119249824,0.2607258632372144,119.64044456714922,2,0.04270331121917437
6179,B-train-1__ip_skewed_top,bend,region_aware_5pct,noise_5pct,9.2501,4.22435,0.11335363387248949,0.21040466637655456,93.46716805842341,2,0.04224529703440627
5152,B-train-1__ip_skewed_top,bend,region_aware_5pct,noise_5pct,9.12699,2.08374,0.18779303665988914,0.175337266468565,123.96049508311411,2,0.0484018377071882
6855,B-train-1__ip_skewed_top,bend,region_aware_5pct,noise_5pct,10.3247,5.38202,0.0722688215935401,0.7842837621673265,77.93044635581228,2,0.1451806185856075
1021,B-train-1__ip_skewed_top,bend,region_aware_5pct,noise_5pct,1.54704,0.363636,0.723323568352013,0.004941422178844964,214.0504568744537,2,0.13636399999999999
9398,B-train-1__ip_skewed_top,bend,region_aware_5pct,noise_5pct,9.54545,10.2772,0.022099468503813394,0.20614938965068358,20.065592834223057,2,0.04545000000000038
3629,B-train-1__ip_skewed_top,bend,region_aware_5pct,noise_5pct,6.79128,0.183485,0.26111711443098723,0.12845060957496063,150.89774572493565,2,0.048404012678335384
5270,B-train-1__ip_skewed_top,bend,region_aware_5pct,noise_5pct,8.55199,2.83838,0.1480314159054765,0.18137063204985618,113.6712668015608,2,0.042242685456853835
7315,B-train-1__ip_skewed_top,bend,region_aware_5pct,noise_5pct,10.4091,6.27498,0.02558622143104982,0.5063149080638321,69.79192885574633,2,0.09089999999999954
4202,B-train-1__ip_skewed_top,bend,region_aware_5pct,noise_5pct,7.69489,0.770422,0.439223556028526,0.23309741630173486,143.42830853933629,2,0.09682124486720234
9580,B-train-1__ip_skewed_top,bend,region_aware_5pct,noise_5pct,10.3636,10.732,0.03829297585864785,0.7324311214912803,8.31330968960932,2,0.13640000000000035
7215,B-train-1__ip_skewed_top,bend,region_aware_5pct,noise_5pct,9.54545,6.04757,0.00650232743479293,0.2289522319623319,76.81805781797792,2,0.04545000000000066
5661,B-train-1__ip_skewed_top,bend,region_aware_5pct,noise_5pct,9.62302,3.03944,0.35189837307967087,0.6336645879128394,102.46583719263731,2,0.14521680668805104
4556,B-train-1__ip_skewed_top,bend,region_aware_5pct,noise_5pct,7.78278,1.83275,0.5488260622306699,0.48044960871093295,137.27618604457373,2,0.12809000380235602
405,B-train-1__ip_skewed_top,bend,region_aware_5pct,noise_5pct,0.09938,0.472581,0.18781026019884342,-0.012313061030979485,230.89151273464523,2,0.027419000000000027
2723,B-train-1__ip_skewed_top,bend,region_aware_5pct,noise_5pct,4.8121,0.432167,0.6515516753141943,0.10503390456888663,178.1809189700078,2,0.12674601576159628
4798,B-train-1__ip_skewed_top,bend,region_aware_5pct,noise_5pct,8.11171,2.19001,0.42659219315069513,0.3914817172074636,130.89711229168304,2,0.10554929727676221
4448,B-train-1__ip_skewed_top,bend,region_aware_5pct,noise_5pct,7.6162,1.68913,0.5528627226418678,0.4678255407401307,138.2007468282452,2,0.12676662008475326
5729,B-train-1__ip_skewed_top,bend,region_aware_5pct,noise_5pct,9.68629,3.16285,0.25616751907664714,0.6327869714664764,105.61067503178656,2,0.14521329338269684
2011,B-train-1__ip_skewed_top,bend,region_aware_5pct,noise_5pct,3.49649,0.409091,0.5173054901229863,-0.019275325083270952,192.2961019771808,2,0.09090900000000002
9993,B-train-1__ip_skewed_top,bend,region_aware_5pct,noise_5pct,10.4686,11.7627,0.01925988926077019,0.136654829498221,3.2046126442864438,2,0.031399999999999983
367,B-train-1__ip_skewed_top,bend,region_aware_5pct,noise_5pct,0.187889,0.469872,0.2562131874781748,0.007094118195179054,234.52359435768653,2,0.030127999999999988
4086,B-train-1__ip_skewed_top,bend,region_aware_5pct,noise_5pct,7.08302,1.34368,0.3922686184374251,0.287925670312467,139.51956802148226,2,0.08447206661471274
8849,B-train-1__ip_skewed_top,bend,region_aware_5pct,noise_5pct,10.4091,9.27667,-0.009423291744787742,0.45377071500866695,37.448459569078594,2,0.09089999999999976
7604,B-train-1__ip_skewed_top,bend,region_aware_5pct,noise_5pct,10.3636,6.82074,0.025532938055543596,0.7033408910520585,60.741134568767265,2,0.13640000000000013
3841,B-train-1__ip_skewed_top,bend,region_aware_5pct,noise_5pct,6.68431,1.10193,0.419270738043832,0.1952152624220312,148.03822000414152,2,0.08539254672399821
2597,B-train-1__ip_skewed_top,bend,region_aware_5pct,noise_5pct,4.55161,0.398984,0.6943633686966291,0.08000924323417269,176.62176930457647,2,0.12811281197845137
10003,B-train-1__ip_skewed_top,bend,region_aware_5pct,noise_5pct,10.3827,11.677,-0.02728783544562825,0.6391843626506373,5.61051330895231,2,0.11730000000000051
2568,B-train-1__ip_skewed_top,bend,region_aware_5pct,noise_5pct,4.54533,0.484196,0.2519685415533805,0.04920935450035378,173.89531184290962,2,0.042695966343093694
2438,B-train-1__ip_skewed_top,bend,region_aware_5pct,noise_5pct,4.29357,0.465084,0.2657393290257826,0.0015284738748019677,180.33913331442838,2,0.04269595701911122
1469,B-train-1__ip_skewed_top,bend,region_aware_5pct,noise_5pct,2.44838,-0.454545,0.28423338794360653,0.0443539631551999,203.21351305031138,2,0.04545500000000002
663,B-train-1__ip_skewed_top,bend,region_aware_5pct,noise_5pct,0.864841,0.363636,0.7197308419698503,-0.01466864524699953,224.7778047298727,2,0.13636399999999999
1581,B-train-1__ip_skewed_top,bend,region_aware_5pct,noise_5pct,2.63237,0.363636,0.7364307966844484,0.002337615603911246,207.1580367098166,2,0.13636399999999999
7868,B-train-1__ip_skewed_top,bend,region_aware_5pct,noise_5pct,9.54545,7.32102,0.0434540675799957,0.305683643106638,52.68747655454489,2,0.0454500000000006
6097,B-train-1__ip_skewed_top,bend,region_aware_5pct,noise_5pct,9.99022,3.87857,0.2406718088388589,0.6487947950499511,91.44267173240428,2,0.14522219953364512
2369,B-train-1__ip_skewed_top,bend,region_aware_5pct,noise_5pct,4.19099,-0.400344,0.5005324731048248,0.046446560640409695,181.85226922380014,2,0.09680700755974403
711,B-train-1__ip_skewed_top,bend,region_aware_5pct,noise_5pct,0.949599,0.454545,0.2402086585427327,-0.004042973652973905,221.72217414181677,2,0.04545500000000002
3959,B-train-1__ip_skewed_top,bend,region_aware_5pct,noise_5pct,6.91712,1.18848,0.5571168467294683,0.4026310263774322,149.43456754716493,2,0.12674984380859033
407,B-train-1__ip_skewed_top,bend,region_aware_5pct,noise_5pct,0.145635,0.465698,0.23921680293673642,0.042025042367758295,235.48711015026657,2,0.034302
2169,B-train-1__ip_skewed_top,bend,region_aware_5pct,noise_5pct,3.81485,-0.409091,0.5195411932160122,-0.006250896458947358,189.85153087028473,2,0.09090900000000002
9967,B-train-1__ip_skewed_top,bend,region_aware_5pct,noise_5pct,10.4088,11.5513,-0.028006429860557455,0.48509331092001523,1.6299199216652012,2,0.09120000000000095
7525,B-train-1__ip_skewed_top,bend,region_aware_5pct,noise_5pct,9.59091,6.63468,0.009783599264001358,0.4902593899215287,63.555910454902886,2,0.0909099999999991
1730,B-train-1__ip_skewed_top,bend,region_aware_5pct,noise_5pct,2.95073,-0.363636,0.6830458559179792,0.0005514313663571503,197.55605453439372,2,0.13636399999999999
8181,B-train-1__ip_skewed_top,bend,region_aware_5pct,noise_5pct,9.54545,7.91226,0.02605004067578919,0.22366956426821205,44.78358541479135,2,0.045450000000000546
2470,B-train-1__ip_skewed_top,bend,region_aware_5pct,noise_5pct,4.37629,-0.343619,0.7033936432324849,0.027023194954581935,182.3709828747705,2,0.14523043838244298
9182,B-train-1__ip_skewed_top,bend,region_aware_5pct,noise_5pct,10.4091,9.91753,0.01142513560032301,0.47013273857152277,28.343641832070027,2,0.09089999999999976
7026,B-train-1__ip_skewed_top,bend,region_aware_5pct,noise_5pct,10.3486,5.71888,0.07301327109311823,0.7003300098265448,78.25432566035698,2,0.14517896283459475
6825,B-train-1__ip_skewed_top,bend,region_aware_5pct,noise_5pct,9.54991,5.37138,0.046581165532553176,0.5076153206652145,92.10698698611705,2,0.08539739969323978
10338,B-train-1__ip_skewed_top,bend,region_aware_5pct,noise_5pct,9.62088,11.8002,-0.043380698832106684,0.594072739936603,-2.624861762259945,2,0.12087999999999932
7239,B-train-1__ip_skewed_top,bend,region_aware_5pct,noise_5pct,9.54545,6.09099,-0.021525173524155138,0.2976791790875875,71.832104522024,2,0.04545000000000066
7965,B-train-1__ip_skewed_top,bend,region_aware_5pct,noise_5pct,9.54545,7.50294,-0.013788788626887441,0.24566498602775713,53.95513240002848,2,0.045450000000000546
861,B-train-1__ip_skewed_top,bend,region_aware_5pct,noise_5pct,1.26796,-0.363636,0.7024794084861131,-0.011409695369843837,216.55913737724103,2,0.13636399999999999
2182,B-train-1__ip_skewed_top,bend,region_aware_5pct,noise_5pct,3.82106,0.363636,0.7270135482536021,0.033091579761192584,180.65329335254938,2,0.13636399999999999
8277,B-train-1__ip_skewed_top,bend,region_aware_5pct,noise_5pct,9.63636,8.09419,0.0003263266803771641,0.7288686226070628,49.35308059105792,2,0.1363599999999997
2407,B-train-1__ip_skewed_top,bend,region_aware_5pct,noise_5pct,4.20426,0.375616,0.6749929825230225,0.07696228550004726,176.7842345580329,2,0.12809181935192004
7505,B-train-1__ip_skewed_top,bend,region_aware_5pct,noise_5pct,10.4545,6.64088,-0.032932810243955495,0.28045744899446434,66.99653682711704,2,0.045500000000000596
6812,B-train-1__ip_skewed_top,bend,region_aware_5pct,noise_5pct,9.58687,5.31991,0.03708805403761798,0.7332682872152484,73.81608561753004,2,0.12811147766282183
239,B-train-1__ip_skewed_top,bend,region_aware_5pct,noise_5pct,0.234356,-0.468903,0.13070847865836688,-0.022494605910540658,226.2261034282109,2,0.031096999999999986
2514,B-train-1__ip_skewed_top,bend,region_aware_5pct,noise_5pct,4.42379,0.389216,0.6516387214568844,0.11230436082567363,174.5042205165628,2,0.12676595023784465
2656,B-train-1__ip_skewed_top,bend,region_aware_5pct,noise_5pct,4.67903,0.413,0.7110337335020365,0.1366463267351155,172.99741846459895,2,0.12811253804505895
3275,B-train-1__ip_skewed_top,bend,region_aware_5pct,noise_5pct,5.98907,-0.0354739,0.7192225690695385,0.20262832351416749,163.13945049734983,2,0.1452108876469227
4799,B-train-1__ip_skewed_top,bend,region_aware_5pct,noise_5pct,8.10767,2.15457,0.4871196458765596,0.4847566109898044,124.1025500440137,2,0.12674725874550052
8793,B-train-1__ip_skewed_top,bend,region_aware_5pct,noise_5pct,9.59091,9.09062,-0.017750075644922585,0.5359124835489543,33.57957490502487,2,0.09090999999999899
9408,B-train-1__ip_skewed_top,bend,region_aware_5pct,noise_5pct,9.59091,10.2772,0.011508584227438645,0.45901503267707633,18.13577289329158,2,0.09090999999999888
1604,B-train-1__ip_skewed_top,bend,region_aware_5pct,noise_5pct,2.68405,0.363636,0.6947573351720115,0.04210807305671525,208.3436593432539,2,0.13636399999999999
9802,B-train-1__ip_skewed_top,bend,region_aware_5pct,noise_5pct,9.54545,11.0029,0.012984713311470717,0.2669375747265647,14.279676582615572,2,0.045450000000000323
9105,B-train-1__ip_skewed_top,bend,region_aware_5pct,noise_5pct,9.63636,9.68599,0.01943904688536129,0.6940997784458713,31.940036297359818,2,0.1363599999999996
4067,B-train-1__ip_skewed_top,bend,region_aware_5pct,noise_5pct,7.05625,1.37661,0.20488239625373747,0.11329785296587513,137.93769389474383,2,0.042237738910159806
2925,B-train-1__ip_skewed_top,bend,region_aware_5pct,noise_5pct,5.12334,0.572331,0.24668193842818134,0.09769030440935741,173.52817965194953,2,0.04269641322353124
177,B-train-1__ip_skewed_top,bend,region_aware_5pct,noise_5pct,0.174068,-0.35162,0.595410508543273,-0.045235402445980274,229.75219848130976,2,0.14838
2007,B-train-1__ip_skewed_top,bend,region_aware_5pct,noise_5pct,3.49649,-0.454545,0.24627671002728296,-0.023522338591266234,187.1391591886054,2,0.04545500000000002
109,B-train-1__ip_skewed_top,bend,region_aware_5pct,noise_5pct,0.0522117,-0.466483,0.1003274808713984,-0.018679710282114768,232.1937710461547,2,0.03351700000000002
4488,B-train-1__ip_skewed_top,bend,region_aware_5pct,noise_5pct,8.15232,1.12566,0.40500028758365914,0.3396656638752235,131.08991047035408,2,0.09680143849966161
10061,B-train-1__ip_skewed_top,bend,region_aware_5pct,noise_5pct,9.59091,11.4101,0.029860226573245833,0.4756630807456249,6.680056464437895,2,0.09090999999999883
8332,B-train-1__ip_skewed_top,bend,region_aware_5pct,noise_5pct,10.4091,8.23063,-0.04095988496562154,0.511040014564005,51.481477332099914,2,0.09089999999999965
3301,B-train-1__ip_skewed_top,bend,region_aware_5pct,noise_5pct,6.03484,-0.0201977,0.6435670534153046,0.2179326474157029,163.10033225407923,2,0.14521013937633942
1792,B-train-1__ip_skewed_top,bend,region_aware_5pct,noise_5pct,3.04789,0.363636,0.6942676143832082,0.048476309854956705,190.9002028990837,2,0.13636399999999999
4305,B-train-1__ip_skewed_top,bend,region_aware_5pct,noise_5pct,7.87786,0.843905,0.19071990733860797,0.1309007844411643,134.88248135574025,2,0.048402226686400596
9066,B-train-1__ip_skewed_top,bend,region_aware_5pct,noise_5pct,10.3636,9.6922,0.011798144083667797,0.6687932131270983,26.891353455212982,2,0.1364000000000003
7409,B-train-1__ip_skewed_top,bend,region_aware_5pct,noise_5pct,10.4545,6.4569,0.006203827298371249,0.2024545705828258,60.57269688941513,2,0.045500000000000596
1558,B-train-1__ip_skewed_top,bend,region_aware_5pct,noise_5pct,2.59102,0.409091,0.5054486071623651,-0.011488490734655328,203.22777227339054,2,0.09090900000000002
3762,B-train-1__ip_skewed_top,bend,region_aware_5pct,noise_5pct,6.55489,0.986739,0.6236524670800488,0.357281939388066,144.84307660513053,2,0.12674406439647878
3426,B-train-1__ip_skewed_top,bend,region_aware_5pct,noise_5pct,6.30123,0.0765357,0.6669693747525683,0.2454850394024635,159.22246725907854,2,0.14523101708059727
3205,B-train-1__ip_skewed_top,bend,region_aware_5pct,noise_5pct,5.6566,0.71114,0.30421412022401356,0.09727809218419121,168.79294630393508,2,0.04223453668283472
4330,B-train-1__ip_skewed_top,bend,region_aware_5pct,noise_5pct,7.85812,0.950422,0.5987939073736194,0.43340491838249035,136.76126039242035,2,0.14521220555052672
801,B-train-1__ip_skewed_top,bend,region_aware_5pct,noise_5pct,1.13359,0.454545,0.275761693507075,0.02861724328722841,221.06934950167823,2,0.04545500000000002
5984,B-train-1__ip_skewed_top,bend,region_aware_5pct,noise_5pct,9.13183,3.907,0.11388438078345253,0.23869692553345787,101.99221239464853,2,0.04223133303726456
5156,B-train-1__ip_skewed_top,bend,region_aware_5pct,noise_5pct,9.05252,2.14575,0.4109734943409069,0.5517594393186971,115.53497939675273,2,0.14522215865102073
2927,B-train-1__ip_skewed_top,bend,region_aware_5pct,noise_5pct,5.13797,0.532702,0.4694309377083198,0.09120029702962332,177.77001276541947,2,0.08447160810259646
9078,B-train-1__ip_skewed_top,bend,region_aware_5pct,noise_5pct,9.63636,9.64051,0.06454757754612044,0.754474083564954,33.516598179332426,2,0.1363599999999996
8097,B-train-1__ip_skewed_top,bend,region_aware_5pct,noise_5pct,10.4545,7.77789,-0.017053942388743592,0.2850819732520347,52.64665437046798,2,0.04550000000000065
8026,B-train-1__ip_skewed_top,bend,region_aware_5pct,noise_5pct,10.4545,7.63938,0.00780983547756539,0.30290894057474005,53.488036097685935,2,0.04550000000000065
1130,B-train-1__ip_skewed_top,bend,region_aware_5pct,noise_5pct,1.77238,0.409091,0.4792403721190124,-0.05793215563637115,208.2548300276445,2,0.09090900000000002
1684,B-train-1__ip_skewed_top,bend,region_aware_5pct,noise_5pct,2.85977,-0.363636,0.658963666076852,0.026477606814655982,193.45874945392887,2,0.13636399999999999
7069,B-train-1__ip_skewed_top,bend,region_aware_5pct,noise_5pct,9.58053,5.79,0.04412503791872076,0.5352426320963406,77.68478781940344,2,0.08447983977917062
9121,B-train-1__ip_skewed_top,bend,region_aware_5pct,noise_5pct,9.59091,9.72734,0.03329623815324994,0.5044656086665044,30.52647015811708,2,0.09090999999999894
1554,B-train-1__ip_skewed_top,bend,region_aware_5pct,noise_5pct,2.58896,0.454545,0.27415494793767453,-0.004754776997043215,203.56331009919276,2,0.04545500000000002
3829,B-train-1__ip_skewed_top,bend,region_aware_5pct,noise_5pct,6.65807,1.13677,0.22059972747389212,0.15466657392583225,151.74547035498685,2,0.04223259686924319
6777,B-train-1__ip_skewed_top,bend,region_aware_5pct,noise_5pct,10.4043,5.22041,0.07305293551242278,0.27191100271842295,77.06100557102491,2,0.04842507149610942
4431,B-train-1__ip_skewed_top,bend,region_aware_5pct,noise_5pct,8.04335,1.03491,0.42557993036716785,0.3562661078218907,130.54876308960854,2,0.09681345495853932
3403,B-train-1__ip_skewed_top,bend,region_aware_5pct,noise_5pct,6.34015,-0.0122137,0.22130549861149604,0.11982897762034177,154.36477876816855,2,0.04840983966218637
1356,B-train-1__ip_skewed_top,bend,region_aware_5pct,noise_5pct,2.22305,-0.409091,0.5242800051700437,0.04982306720087541,196.18559586048195,2,0.09090900000000002
8418,B-train-1__ip_skewed_top,bend,region_aware_5pct,noise_5pct,9.54545,8.36707,0.036325923900556285,0.2908346141358869,41.70688905326497,2,0.04545000000000049
3554,B-train-1__ip_skewed_top,bend,region_aware_5pct,noise_5pct,6.57416,0.189907,0.6263375809131776,0.3302100470906311,158.5404068572628,2,0.14520020974311088
7736,B-train-1__ip_skewed_top,bend,region_aware_5pct,noise_5pct,9.54545,7.04814,0.03767871741410088,0.24780725007079424,62.99180273456315,2,0.0454500000000006
7672,B-train-1__ip_skewed_top,bend,region_aware_5pct,noise_5pct,10.4545,6.95718,-0.04601817703795127,0.222660524641531,63.8392259556694,2,0.045500000000000596
7117,B-train-1__ip_skewed_top,bend,region_aware_5pct,noise_5pct,9.54079,5.87362,0.024080848738711934,0.26060556658550804,80.47079058376113,2,0.042231114677553805
6507,B-train-1__ip_skewed_top,bend,region_aware_5pct,noise_5pct,10.2222,4.70853,0.14236835377153242,0.6931297339991447,89.60065539239126,2,0.14518547863904896
5916,B-train-1__ip_skewed_top,bend,region_aware_5pct,noise_5pct,9.16243,3.75836,0.2974215320540636,0.6654379423478749,103.06544189582375,2,0.12811099699535067
1577,B-train-1__ip_skewed_top,bend,region_aware_5pct,noise_5pct,2.63444,0.454545,0.2831891423556454,-0.009040293463567323,208.88598709718588,2,0.04545500000000002
145,B-train-1__ip_skewed_top,bend,region_aware_5pct,noise_5pct,0.12953,-0.356014,0.5686889496417887,-0.0244550411897508,236.03815483297595,2,0.143986
2564,B-train-1__ip_skewed_top,bend,region_aware_5pct,noise_5pct,4.67903,-0.415756,0.2629890819655113,-0.0010908529568182217,173.16962716069133,2,0.048410522015833735
2877,B-train-1__ip_skewed_top,bend,region_aware_5pct,noise_5pct,5.06514,0.473618,0.6571992073824654,0.11603854025889017,174.85467566903216,2,0.12809214827937954
3203,B-train-1__ip_skewed_top,bend,region_aware_5pct,noise_5pct,5.645,0.619087,0.6892588172034444,0.1942081960119911,160.59866028618129,2,0.12674414857908722
7338,B-train-1__ip_skewed_top,bend,region_aware_5pct,noise_5pct,10.4545,6.32046,0.03693589836855026,0.2155016525585695,76.6821244111354,2,0.04550000000000054
6108,B-train-1__ip_skewed_top,bend,region_aware_5pct,noise_5pct,9.28772,4.07634,0.3068848697477582,0.7019975667123847,96.8509784234061,2,0.12676199905416308
972,B-train-1__ip_skewed_top,bend,region_aware_5pct,noise_5pct,1.45402,0.409091,0.5133213797330227,-0.023546716074071043,220.68801112838653,2,0.09090900000000002
5328,B-train-1__ip_skewed_top,bend,region_aware_5pct,noise_5pct,9.24674,2.41458,0.39477370837899955,0.5944071759838147,115.95365758023003,2,0.14519731195373708
9828,B-train-1__ip_skewed_top,bend,region_aware_5pct,noise_5pct,9.63636,11.0442,0.01095372881158648,0.6749766671987992,6.635061869463598,2,0.13635999999999948
4103,B-train-1__ip_skewed_top,bend,region_aware_5pct,noise_5pct,7.50434,0.698763,0.5993327151898045,0.39262224404555496,145.33203456874142,2,0.1451976768927734
5069,B-train-1__ip_skewed_top,bend,region_aware_5pct,noise_5pct,8.41909,2.51471,0.42106483898353503,0.5270481656867563,113.98140102979957,2,0.1281082800706672
8193,B-train-1__ip_skewed_top,bend,region_aware_5pct,noise_5pct,10.4091,7.96188,0.001888311094398238,0.48471316982382684,49.126780176861686,2,0.09089999999999965
1901,B-train-1__ip_skewed_top,bend,region_aware_5pct,noise_5pct,3.26909,-0.409091,0.4876024650830478,-0.01589383097918201,195.97769541709712,2,0.09090900000000002
7194,B-train-1__ip_skewed_top,bend,region_aware_5pct,noise_5pct,9.63637,6.00908,0.01209778788017003,0.752345750707318,70.93507019189042,2,0.13636999999999944
9477,B-train-1__ip_skewed_top,bend,region_aware_5pct,noise_5pct,10.4545,10.5956,0.015079798782607306,0.23200232594946785,21.601655344081504,2,0.04550000000000082
2150,B-train-1__ip_skewed_top,bend,region_aware_5pct,noise_5pct,3.76937,-0.363636,0.716721120328004,0.05076343195349892,189.34434136970143,2,0.13636399999999999
1829,B-train-1__ip_skewed_top,bend,region_aware_5pct,noise_5pct,3.13265,-0.272727,1.0886262525445018,0.009622167414738772,191.26625733615353,0,0.227273
1464,B-train-1__ip_skewed_top,bend,region_aware_5pct,noise_5pct,2.40497,0.227273,1.1797792732837749,-0.006082488625596348,198.26506903771568,0,0.272727
1196,B-train-1__ip_skewed_top,bend,region_aware_5pct,noise_5pct,1.90468,-0.318182,0.9144113311210671,-0.0003810659388038373,217.0901289540951,0,0.18181799999999998
1134,B-train-1__ip_skewed_top,bend,region_aware_5pct,noise_5pct,1.76824,-0.0454545,1.4908763145590511,-0.028857583155922007,210.11840388176188,0,0.4545455
124,B-train-1__ip_skewed_top,bend,region_aware_5pct,noise_5pct,0.149132,-0.184388,1.138284957722004,-0.04597252814376166,229.85998996191756,0,0.315612
8808,B-train-1__ip_skewed_top,bend,region_aware_5pct,noise_5pct,10.1818,9.14023,-0.0348069830694163,1.2707930990106728,32.32003631243617,0,0.31819999999999937
8497,B-train-1__ip_skewed_top,bend,region_aware_5pct,noise_5pct,9.77273,8.4911,0.03814477018086056,1.1501139078112033,43.59943358666566,0,0.27272999999999914
648,B-train-1__ip_skewed_top,bend,region_aware_5pct,noise_5pct,0.837966,-0.0454545,1.541899452100259,-0.04301342177346311,227.19472629819444,0,0.4545455
8366,B-train-1__ip_skewed_top,bend,region_aware_5pct,noise_5pct,10.1364,8.29264,0.00528610156717383,1.3748981615088751,42.61722861387818,0,0.36360000000000003
7306,B-train-1__ip_skewed_top,bend,region_aware_5pct,noise_5pct,9.68182,6.22123,0.011441945489163243,0.9398954006268785,68.50091419158193,0,0.1818200000000001
1917,B-train-1__ip_skewed_top,bend,region_aware_5pct,noise_5pct,3.32284,0.318182,0.895115729032664,0.029780690827866545,197.8017110365506,0,0.18181799999999998
1539,B-train-1__ip_skewed_top,bend,region_aware_5pct,noise_5pct,2.54141,0.0909091,1.435817712082383,-0.05008313744947212,202.7898423838951,0,0.4090909
8291,B-train-1__ip_skewed_top,bend,region_aware_5pct,noise_5pct,10.3182,8.14793,-0.048920269380354216,0.8671294855556276,39.99671048251581,0,0.18180000000000096
1076,B-train-1__ip_skewed_top,bend,region_aware_5pct,noise_5pct,1.67728,-0.272727,1.059546693284871,-0.012645353852608784,219.29091034304219,0,0.227273
926,B-train-1__ip_skewed_top,bend,region_aware_5pct,noise_5pct,1.37133,0.227273,1.1892017513321922,-0.003474627070520323,220.0039721345334,0,0.272727
7645,B-train-1__ip_skewed_top,bend,region_aware_5pct,noise_5pct,9.72727,6.85588,-0.007516258376922709,1.016097708932387,62.309090472479724,0,0.2272700000000007
814,B-train-1__ip_skewed_top,bend,region_aware_5pct,noise_5pct,1.177,-0.272727,1.0838558320469782,-0.020315464835229544,216.71095033057622,0,0.227273
7329,B-train-1__ip_skewed_top,bend,region_aware_5pct,noise_5pct,9.77273,6.27498,-0.0025715143025477477,1.194711228839815,69.07025368080707,0,0.27272999999999925
7866,B-train-1__ip_skewed_top,bend,region_aware_5pct,noise_5pct,10.2727,7.32102,0.005941144083666004,1.0684510470393938,55.16804773146067,0,0.22729999999999967
17,B-train-1__ip_skewed_top,bend,region_aware_5pct,noise_5pct,0.0196979,-0.0746837,1.3540978477758856,0.007038142351284936,228.67667468417693,0,0.4253163
771,B-train-1__ip_skewed_top,bend,region_aware_5pct,noise_5pct,1.07777,-0.136364,1.3577622387198562,-0.009014151367812443,219.0632419213858,0,0.36363599999999996
7327,B-train-1__ip_skewed_top,bend,region_aware_5pct,noise_5pct,9.90909,6.27498,0.028960746199505064,1.50327956664649,67.57919825764435,0,0.40909000000000084
8938,B-train-1__ip_skewed_top,bend,region_aware_5pct,noise_5pct,9.70455,9.38624,0.06668380677541026,1.03447966928895,30.22261514190425,0,0.20454999999999912
8235,B-train-1__ip_skewed_top,bend,region_aware_5pct,noise_5pct,9.90909,8.00322,0.00692059232081308,1.469229151030527,48.56098238858464,0,0.40909000000000073
996,B-train-1__ip_skewed_top,bend,region_aware_5pct,noise_5pct,1.52947,-1.12722e-08,1.514537048817276,0.033742851263291344,217.36814769834913,0,0.4999999887278
1267,B-train-1__ip_skewed_top,bend,region_aware_5pct,noise_5pct,2.02975,-0.0227273,1.4671914492402551,0.04991419604452036,214.52761977239683,0,0.4772727
701,B-train-1__ip_skewed_top,bend,region_aware_5pct,noise_5pct,0.949599,0.0909091,1.4844188451569822,-0.030678094092676855,218.24591916065705,0,0.4090909
7971,B-train-1__ip_skewed_top,bend,region_aware_5pct,noise_5pct,10.0,7.52568,-0.002453864281403569,1.4736554442975331,51.91349162890491,0,0.4999999999999999
894,B-train-1__ip_skewed_top,bend,region_aware_5pct,noise_5pct,1.32998,0.136364,1.3656873301462091,-0.011834188851028481,227.0986474614246,0,0.36363599999999996
7208,B-train-1__ip_skewed_top,bend,region_aware_5pct,noise_5pct,9.95455,6.04757,0.006636561610245277,1.521681142991044,72.17852230515115,0,0.45454999999999934
7992,B-train-1__ip_skewed_top,bend,region_aware_5pct,noise_5pct,10.1364,7.56496,-0.018996839345838748,1.4152819998174484,59.605018441585244,0,0.36360000000000003
634,B-train-1__ip_skewed_top,bend,region_aware_5pct,noise_5pct,0.829697,0.136364,1.4158553683745532,-0.021188007323874127,221.44956443169824,0,0.36363599999999996
7350,B-train-1__ip_skewed_top,bend,region_aware_5pct,noise_5pct,9.90909,6.31115,0.001366213071839548,1.4491683937087232,72.49365574043337,0,0.40909000000000084
7818,B-train-1__ip_skewed_top,bend,region_aware_5pct,noise_5pct,10.3182,7.23006,0.011569385269437321,0.8695012106850851,57.004472212363204,0,0.1818000000000009
1219,B-train-1__ip_skewed_top,bend,region_aware_5pct,noise_5pct,1.95016,-0.318182,0.8655675814967807,0.009487460919904243,208.28756756725093,0,0.18181799999999998
1009,B-train-1__ip_skewed_top,bend,region_aware_5pct,noise_5pct,1.53257,-0.136364,1.4396316172493806,0.002810723736796396,215.96866959024956,0,0.36363599999999996
7228,B-train-1__ip_skewed_top,bend,region_aware_5pct,noise_5pct,10.1364,6.09305,0.024092510816004106,1.396074041143261,68.50568652199063,0,0.3635999999999999
7563,B-train-1__ip_skewed_top,bend,region_aware_5pct,noise_5pct,9.90909,6.72978,0.00906072834921037,1.4602179924700456,65.3123103085473,0,0.4090900000000008
7898,B-train-1__ip_skewed_top,bend,region_aware_5pct,noise_5pct,9.90909,7.3665,0.0070335142556867455,1.4084728563920912,57.68987506377182,0,0.40909000000000073
914,B-train-1__ip_skewed_top,bend,region_aware_5pct,noise_5pct,1.35892,-0.0454545,1.4685115910196862,0.026947650836892954,221.4944357079653,0,0.4545455
1443,B-train-1__ip_skewed_top,bend,region_aware_5pct,noise_5pct,2.35949,0.0454545,1.4806526358304233,-0.027321839131529538,201.76586693430718,0,0.4545455
7397,B-train-1__ip_skewed_top,bend,region_aware_5pct,noise_5pct,9.93182,6.42485,0.011923661824546952,1.4903878376226225,70.5606892955457,0,0.4318200000000001
7929,B-train-1__ip_skewed_top,bend,region_aware_5pct,noise_5pct,9.77273,7.39958,0.044859578320882845,1.164504469896677,59.17378325329457,0,0.27272999999999914
209,B-train-1__ip_skewed_top,bend,region_aware_5pct,noise_5pct,0.210414,-0.27816,0.8815170464256297,-0.11404632728491708,230.22960599691874,0,0.22183999999999998
1866,B-train-1__ip_skewed_top,bend,region_aware_5pct,noise_5pct,3.18847,0.272727,1.0162019638775714,-0.03105689125192453,199.6620426953615,0,0.227273
1897,B-train-1__ip_skewed_top,bend,region_aware_5pct,noise_5pct,3.24222,0.0909091,1.4686704468399856,0.012133418631553525,200.9353312918695,0,0.4090909
1408,B-train-1__ip_skewed_top,bend,region_aware_5pct,noise_5pct,2.30677,-0.181818,1.2926546522968343,-0.018543228801528765,198.23671738546057,0,0.31818199999999996
1186,B-train-1__ip_skewed_top,bend,region_aware_5pct,noise_5pct,1.8592,0.227273,1.180802483148237,0.0304240402953035,214.27421078611312,0,0.272727
1405,B-train-1__ip_skewed_top,bend,region_aware_5pct,noise_5pct,2.31401,-0.272727,1.0549298932710802,0.011601592221799528,201.06762892656195,0,0.227273
184,B-train-1__ip_skewed_top,bend,region_aware_5pct,noise_5pct,0.217091,-0.219374,1.0614378737868329,-0.11301788080175904,234.13546055616888,0,0.280626
7897,B-train-1__ip_skewed_top,bend,region_aware_5pct,noise_5pct,9.86364,7.34996,0.02497594376471021,1.384959457800461,52.36484931393872,0,0.3636400000000001
1402,B-train-1__ip_skewed_top,bend,region_aware_5pct,noise_5pct,2.30574,-0.318182,0.8582698133298389,0.035829925439479875,202.22916196001694,0,0.18181799999999998
603,B-train-1__ip_skewed_top,bend,region_aware_5pct,noise_5pct,0.755274,-0.227273,1.1922955421830495,-0.01826104046869276,219.20518289417163,0,0.272727
221,B-train-1__ip_skewed_top,bend,region_aware_5pct,noise_5pct,0.233847,-0.137292,1.2782983963404853,-0.13952892632376768,225.15052948352155,0,0.36270800000000003
1629,B-train-1__ip_skewed_top,bend,region_aware_5pct,noise_5pct,2.72333,0.227273,1.1955368685770658,-0.004787053457869909,200.74344968899365,0,0.272727
1090,B-train-1__ip_skewed_top,bend,region_aware_5pct,noise_5pct,1.67728,0.181818,1.3159044797002382,-0.023972365605698015,215.0995928639624,0,0.31818199999999996
917,B-train-1__ip_skewed_top,bend,region_aware_5pct,noise_5pct,1.36719,0.136364,1.408362685475111,0.009924708612641147,216.5255914942799,0,0.36363599999999996
582,B-train-1__ip_skewed_top,bend,region_aware_5pct,noise_5pct,0.713929,-0.136364,1.412173589159004,-0.012731167548011058,215.04341087591268,0,0.36363599999999996
1860,B-train-1__ip_skewed_top,bend,region_aware_5pct,noise_5pct,3.16159,-0.136364,1.3622913915770964,-0.011909714610398813,199.28779814499586,0,0.36363599999999996
2023,B-train-1__ip_skewed_top,bend,region_aware_5pct,noise_5pct,3.49649,-1.12722e-08,1.4886806330942879,0.013694583193600531,192.01986428607896,0,0.4999999887278
1033,B-train-1__ip_skewed_top,bend,region_aware_5pct,noise_5pct,1.56978,-0.136364,1.4026606880986205,-0.01880693103972054,213.86383311224827,0,0.36363599999999996
620,B-train-1__ip_skewed_top,bend,region_aware_5pct,noise_5pct,0.813158,-0.318182,0.8893017099027236,-0.028933686186010405,227.93377311752872,0,0.18181799999999998
1868,B-train-1__ip_skewed_top,bend,region_aware_5pct,noise_5pct,3.22361,0.318182,0.9337263604165241,0.04027861257677929,192.50269857269643,0,0.18181799999999998
1856,B-train-1__ip_skewed_top,bend,region_aware_5pct,noise_5pct,3.19777,-0.340909,0.7573023617290171,0.0032426508179774316,195.16524667962884,0,0.15909099999999998
7377,B-train-1__ip_skewed_top,bend,region_aware_5pct,noise_5pct,9.81818,6.36594,0.024202265049182634,1.260916438841094,72.15209316023093,0,0.3181799999999999
8529,B-train-1__ip_skewed_top,bend,region_aware_5pct,noise_5pct,10.0455,8.59447,0.02022972174830107,1.48422568171495,36.53639589770545,0,0.4544999999999996
1628,B-train-1__ip_skewed_top,bend,region_aware_5pct,noise_5pct,2.72333,0.318182,0.9358410314735419,0.008473849858416036,200.5642518670529,0,0.18181799999999998
769,B-train-1__ip_skewed_top,bend,region_aware_5pct,noise_5pct,1.08604,-0.0454545,1.4952406614923885,-0.006185333089880805,215.95226770962836,0,0.4545455
7802,B-train-1__ip_skewed_top,bend,region_aware_5pct,noise_5pct,9.86364,7.16804,-0.02326153504966645,1.3438378800421322,55.61808485792888,0,0.3636400000000001
88,B-train-1__ip_skewed_top,bend,region_aware_5pct,noise_5pct,0.0622675,-0.318942,0.6518647098336211,-0.06469086659893522,231.83001366325644,0,0.181058
8253,B-train-1__ip_skewed_top,bend,region_aware_5pct,noise_5pct,9.68182,8.0487,-0.043273301990608956,0.9286949758106777,51.03632752231287,0,0.18181999999999998
1310,B-train-1__ip_skewed_top,bend,region_aware_5pct,noise_5pct,2.12175,-0.272727,1.0357006594137996,-0.011596705719827597,206.2623912316023,0,0.227273
695,B-train-1__ip_skewed_top,bend,region_aware_5pct,noise_5pct,0.949599,-0.0454545,1.4743665369671175,-0.04786332263736344,225.32280138427262,0,0.4545455
1791,B-train-1__ip_skewed_top,bend,region_aware_5pct,noise_5pct,3.04169,0.318182,0.9458363050549811,-0.022915840748148897,199.1558152826153,0,0.18181799999999998
1245,B-train-1__ip_skewed_top,bend,region_aware_5pct,noise_5pct,1.99564,-0.136364,1.3682762042994197,-0.026932179427248862,207.1451110359736,0,0.36363599999999996
495,B-train-1__ip_skewed_top,bend,region_aware_5pct,noise_5pct,0.574387,-1.12722e-08,1.490842522688365,-0.0735505885119118,223.53138229421162,0,0.4999999887278
1793,B-train-1__ip_skewed_top,bend,region_aware_5pct,noise_5pct,3.05203,0.272727,1.048281042336678,0.04818203196251926,200.4237002195568,0,0.227273
8635,B-train-1__ip_skewed_top,bend,region_aware_5pct,noise_5pct,9.86364,8.77639,-0.02022689374119263,1.4092964449185617,43.307372470781004,0,0.36364
1756,B-train-1__ip_skewed_top,bend,region_aware_5pct,noise_5pct,2.98587,-0.272727,1.11439853468651,-0.005766067337818888,199.19675855962748,0,0.227273
8701,B-train-1__ip_skewed_top,bend,region_aware_5pct,noise_5pct,9.72727,8.90249,0.007937137118434946,1.0218046548850295,34.98446731022986,0,0.22727000000000058
1278,B-train-1__ip_skewed_top,bend,region_aware_5pct,noise_5pct,2.04112,0.0909091,1.4109495240173775,-0.030991084055651777,212.34252369243814,0,0.4090909
7367,B-train-1__ip_skewed_top,bend,region_aware_5pct,noise_5pct,10.1818,6.37317,0.02421813606384525,1.330827509321729,71.26071737589598,0,0.31819999999999915
1157,B-train-1__ip_skewed_top,bend,region_aware_5pct,noise_5pct,1.80339,-0.0454545,1.5164960019738145,-0.0419557480380572,210.65208690859347,0,0.4545455
463,B-train-1__ip_skewed_top,bend,region_aware_5pct,noise_5pct,0.494797,0.227273,1.2064845357289251,-0.021498307512000714,226.96173785864246,0,0.272727
7259,B-train-1__ip_skewed_top,bend,region_aware_5pct,noise_5pct,9.86364,6.122,0.02195717199310425,1.404701858889097,74.55273616993043,0,0.3636400000000002
1599,B-train-1__ip_skewed_top,bend,region_aware_5pct,noise_5pct,2.6427,0.272727,1.052303458605796,-0.01390773367344331,204.5083888282761,0,0.227273
8210,B-train-1__ip_skewed_top,bend,region_aware_5pct,noise_5pct,9.90909,7.95774,0.03384872632721072,1.4388561185933102,45.9631607133028,0,0.40909000000000073
8586,B-train-1__ip_skewed_top,bend,region_aware_5pct,noise_5pct,9.72727,8.68543,-0.011244393254861403,1.042198102966847,40.43164723180254,0,0.22727000000000058
7683,B-train-1__ip_skewed_top,bend,region_aware_5pct,noise_5pct,10.0455,6.97785,-0.013340137166415678,1.4844288949961255,56.59273922461992,0,0.4544999999999995
248,B-train-1__ip_skewed_top,bend,region_aware_5pct,noise_5pct,0.241245,-0.0398509,1.4536570922697647,-0.1015484697976036,232.56995870959588,0,0.4601491
7919,B-train-1__ip_skewed_top,bend,region_aware_5pct,noise_5pct,10.0909,7.41198,0.001668375038522743,1.4312005856479544,47.226256973647025,0,0.4091000000000006
8447,B-train-1__ip_skewed_top,bend,region_aware_5pct,noise_5pct,9.90909,8.41255,0.03385449893069822,1.4790639929462897,43.49359515885361,0,0.4090900000000007
1251,B-train-1__ip_skewed_top,bend,region_aware_5pct,noise_5pct,1.99564,-1.12722e-08,1.4904760387159632,0.0009159994226512437,206.39624435728706,0,0.4999999887278
455,B-train-1__ip_skewed_top,bend,region_aware_5pct,noise_5pct,0.494797,-0.181818,1.2348442486274023,-0.09528119969292342,225.13363214296447,0,0.31818199999999996
507,B-train-1__ip_skewed_top,bend,region_aware_5pct,noise_5pct,0.569219,-0.136364,1.3842087506935834,-0.07782129836949686,226.57213897048786,0,0.36363599999999996
8224,B-train-1__ip_skewed_top,bend,region_aware_5pct,noise_5pct,10.25,8.03113,0.004818295721844307,1.0977484096628212,47.185864761305304,0,0.2500000000000001
7205,B-train-1__ip_skewed_top,bend,region_aware_5pct,noise_5pct,10.0909,6.04757,0.06508700097952336,1.4484363344623112,70.15655059362435,0,0.40910000000000046
8740,B-train-1__ip_skewed_top,bend,region_aware_5pct,noise_5pct,10.0,9.00379,0.006077150262081321,1.469056337258773,30.49970410947962,0,0.49999999999999983
1880,B-train-1__ip_skewed_top,bend,region_aware_5pct,noise_5pct,3.20087,-1.12722e-08,1.4922203211300982,0.013500376886467777,192.27045486451402,0,0.4999999887278
8599,B-train-1__ip_skewed_top,bend,region_aware_5pct,noise_5pct,10.2727,8.74124,-0.031937313456906306,1.0235235596856909,40.379373727396995,0,0.22729999999999978
1760,B-train-1__ip_skewed_top,bend,region_aware_5pct,noise_5pct,2.99621,-0.181818,1.331367844898881,-0.0019324762277874929,197.00964288375,0,0.31818199999999996
7595,B-train-1__ip_skewed_top,bend,region_aware_5pct,noise_5pct,9.81818,6.77526,-0.004931135821522287,1.3213276410502934,65.57493125680391,0,0.31817999999999985
7473,B-train-1__ip_skewed_top,bend,region_aware_5pct,noise_5pct,9.81818,6.53339,-0.02164147973112693,1.3183614219244204,68.62432161171822,0,0.3181799999999999
7658,B-train-1__ip_skewed_top,bend,region_aware_5pct,noise_5pct,9.95455,6.89103,-0.02549336441820765,1.4570747517058231,60.090988970647686,0,0.4545499999999993
1244,B-train-1__ip_skewed_top,bend,region_aware_5pct,noise_5pct,1.97704,-0.0909091,1.4469622664367763,0.017673890702472207,214.1783152936113,0,0.4090909
1204,B-train-1__ip_skewed_top,bend,region_aware_5pct,noise_5pct,1.88401,-0.0454545,1.4994629938120763,0.005453856986299712,212.2544364936532,0,0.4545455
1370,B-train-1__ip_skewed_top,bend,region_aware_5pct,noise_5pct,2.23338,0.272727,1.0761768047680835,0.027043533733092796,206.76293725665565,0,0.227273
7844,B-train-1__ip_skewed_top,bend,region_aware_5pct,noise_5pct,10.1364,7.27554,-0.04448534779103673,1.3755354658802563,58.07637355161373,0,0.36360000000000003
1548,B-train-1__ip_skewed_top,bend,region_aware_5pct,noise_5pct,2.58689,-0.227273,1.164967673474096,0.032800018410068514,198.58914627331941,0,0.272727
181,B-train-1__ip_skewed_top,bend,region_aware_5pct,noise_5pct,0.181246,-0.0703767,1.3947005304908122,-0.10854167067667907,234.43087930082683,0,0.4296233
7229,B-train-1__ip_skewed_top,bend,region_aware_5pct,noise_5pct,10.1818,6.10753,0.039834106492263766,1.3054557508928342,72.87601099215156,0,0.31819999999999915
1592,B-train-1__ip_skewed_top,bend,region_aware_5pct,noise_5pct,2.67785,-0.318182,0.8817169361998682,-0.022209853631340353,205.88270316560698,0,0.18181799999999998
965,B-train-1__ip_skewed_top,bend,region_aware_5pct,noise_5pct,1.43334,-0.136364,1.3279570367366562,-0.03612294036069882,220.82403997567707,0,0.36363599999999996
255,B-train-1__ip_skewed_top,bend,region_aware_5pct,noise_5pct,0.269252,0.0482619,1.5236413836302856,-0.12433761754112949,231.43347512620107,0,0.4517381
7469,B-train-1__ip_skewed_top,bend,region_aware_5pct,noise_5pct,10.0,6.5706,-0.010462423205586529,1.4741412298272618,60.096047253636065,0,0.49999999999999994
1646,B-train-1__ip_skewed_top,bend,region_aware_5pct,noise_5pct,2.73367,0.272727,1.0345572681255448,0.0049034638325131,196.02919590714922,0,0.227273
8797,B-train-1__ip_skewed_top,bend,region_aware_5pct,noise_5pct,9.79545,9.11129,-0.009021935343602612,1.2815430262389949,37.88028030941536,0,0.29545000000000043
2016,B-train-1__ip_skewed_top,bend,region_aware_5pct,noise_5pct,3.46342,0.227273,1.1849460395702405,0.014912969846802904,188.2797511494905,0,0.272727
8741,B-train-1__ip_skewed_top,bend,region_aware_5pct,noise_5pct,10.1364,9.02033,0.025295620551545377,1.3735988665080294,39.403197129634904,0,0.36360000000000015
887,B-train-1__ip_skewed_top,bend,region_aware_5pct,noise_5pct,1.31344,-0.318182,0.8458399106146848,0.026019301101571926,218.67929183199078,0,0.18181799999999998
