sample_id,case_id,boundary_type,x_star,y_star,u_bc,v_bc,p_bc,normal_x,normal_y
0,B-base,inlet,0.0,-0.5,0.0,0.0,,-1.0,0.0
1,B-base,inlet,0.0,-0.49,0.05940000000000012,0.0,,-1.0,0.0
2,B-base,inlet,0.0,-0.48,0.11760000000000004,0.0,,-1.0,0.0
3,B-base,inlet,0.0,-0.47,0.1746000000000001,0.0,,-1.0,0.0
4,B-base,inlet,0.0,-0.46,0.23039999999999994,0.0,,-1.0,0.0
5,B-base,inlet,0.0,-0.45,0.2849999999999999,0.0,,-1.0,0.0
6,B-base,inlet,0.0,-0.44,0.33840000000000003,0.0,,-1.0,0.0
7,B-base,inlet,0.0,-0.43,0.3906000000000001,0.0,,-1.0,0.0
8,B-base,inlet,0.0,-0.42,0.44160000000000016,0.0,,-1.0,0.0
9,B-base,inlet,0.0,-0.41000000000000003,0.49139999999999984,0.0,,-1.0,0.0
10,B-base,inlet,0.0,-0.4,0.5399999999999998,0.0,,-1.0,0.0
11,B-base,inlet,0.0,-0.39,0.5873999999999999,0.0,,-1.0,0.0
12,B-base,inlet,0.0,-0.38,0.6335999999999999,0.0,,-1.0,0.0
13,B-base,inlet,0.0,-0.37,0.6786000000000001,0.0,,-1.0,0.0
14,B-base,inlet,0.0,-0.36,0.7224,0.0,,-1.0,0.0
15,B-base,inlet,0.0,-0.35,0.765,0.0,,-1.0,0.0
16,B-base,inlet,0.0,-0.33999999999999997,0.8064000000000001,0.0,,-1.0,0.0
17,B-base,inlet,0.0,-0.32999999999999996,0.8466000000000002,0.0,,-1.0,0.0
18,B-base,inlet,0.0,-0.32,0.8856,0.0,,-1.0,0.0
19,B-base,inlet,0.0,-0.31,0.9233999999999999,0.0,,-1.0,0.0
20,B-base,inlet,0.0,-0.3,0.96,0.0,,-1.0,0.0
21,B-base,inlet,0.0,-0.29000000000000004,0.9954,0.0,,-1.0,0.0
22,B-base,inlet,0.0,-0.28,1.0295999999999998,0.0,,-1.0,0.0
23,B-base,inlet,0.0,-0.27,1.0625999999999998,0.0,,-1.0,0.0
24,B-base,inlet,0.0,-0.26,1.0944,0.0,,-1.0,0.0
25,B-base,inlet,0.0,-0.25,1.125,0.0,,-1.0,0.0
26,B-base,inlet,0.0,-0.24,1.1544,0.0,,-1.0,0.0
27,B-base,inlet,0.0,-0.22999999999999998,1.1825999999999999,0.0,,-1.0,0.0
28,B-base,inlet,0.0,-0.21999999999999997,1.2096,0.0,,-1.0,0.0
29,B-base,inlet,0.0,-0.21000000000000002,1.2354,0.0,,-1.0,0.0
30,B-base,inlet,0.0,-0.2,1.26,0.0,,-1.0,0.0
31,B-base,inlet,0.0,-0.19,1.2834,0.0,,-1.0,0.0
32,B-base,inlet,0.0,-0.18,1.3056,0.0,,-1.0,0.0
33,B-base,inlet,0.0,-0.16999999999999998,1.3266,0.0,,-1.0,0.0
34,B-base,inlet,0.0,-0.15999999999999998,1.3464,0.0,,-1.0,0.0
35,B-base,inlet,0.0,-0.14999999999999997,1.365,0.0,,-1.0,0.0
36,B-base,inlet,0.0,-0.14,1.3824,0.0,,-1.0,0.0
37,B-base,inlet,0.0,-0.13,1.3986,0.0,,-1.0,0.0
38,B-base,inlet,0.0,-0.12,1.4136,0.0,,-1.0,0.0
39,B-base,inlet,0.0,-0.10999999999999999,1.4274,0.0,,-1.0,0.0
40,B-base,inlet,0.0,-0.09999999999999998,1.44,0.0,,-1.0,0.0
41,B-base,inlet,0.0,-0.08999999999999997,1.4514,0.0,,-1.0,0.0
42,B-base,inlet,0.0,-0.08000000000000002,1.4615999999999998,0.0,,-1.0,0.0
43,B-base,inlet,0.0,-0.07,1.4706000000000001,0.0,,-1.0,0.0
44,B-base,inlet,0.0,-0.06,1.4784000000000002,0.0,,-1.0,0.0
45,B-base,inlet,0.0,-0.04999999999999999,1.4849999999999999,0.0,,-1.0,0.0
46,B-base,inlet,0.0,-0.03999999999999998,1.4904000000000002,0.0,,-1.0,0.0
47,B-base,inlet,0.0,-0.02999999999999997,1.4946,0.0,,-1.0,0.0
48,B-base,inlet,0.0,-0.020000000000000018,1.4975999999999998,0.0,,-1.0,0.0
49,B-base,inlet,0.0,-0.010000000000000009,1.4994,0.0,,-1.0,0.0
50,B-base,inlet,0.0,0.0,1.5,0.0,,-1.0,0.0
51,B-base,inlet,0.0,0.010000000000000009,1.4994,0.0,,-1.0,0.0
52,B-base,inlet,0.0,0.020000000000000018,1.4975999999999998,0.0,,-1.0,0.0
53,B-base,inlet,0.0,0.030000000000000027,1.4946,0.0,,-1.0,0.0
54,B-base,inlet,0.0,0.040000000000000036,1.4904000000000002,0.0,,-1.0,0.0
55,B-base,inlet,0.0,0.050000000000000044,1.4849999999999999,0.0,,-1.0,0.0
56,B-base,inlet,0.0,0.06000000000000005,1.4784,0.0,,-1.0,0.0
57,B-base,inlet,0.0,0.07000000000000006,1.4706,0.0,,-1.0,0.0
58,B-base,inlet,0.0,0.07999999999999996,1.4616,0.0,,-1.0,0.0
59,B-base,inlet,0.0,0.08999999999999997,1.4514,0.0,,-1.0,0.0
60,B-base,inlet,0.0,0.09999999999999998,1.44,0.0,,-1.0,0.0
61,B-base,inlet,0.0,0.10999999999999999,1.4274,0.0,,-1.0,0.0
62,B-base,inlet,0.0,0.12,1.4136,0.0,,-1.0,0.0
63,B-base,inlet,0.0,0.13,1.3986,0.0,,-1.0,0.0
64,B-base,inlet,0.0,0.14,1.3824,0.0,,-1.0,0.0
65,B-base,inlet,0.0,0.15000000000000002,1.3649999999999998,0.0,,-1.0,0.0
66,B-base,inlet,0.0,0.16000000000000003,1.3464,0.0,,-1.0,0.0
67,B-base,inlet,0.0,0.17000000000000004,1.3266,0.0,,-1.0,0.0
68,B-base,inlet,0.0,0.18000000000000005,1.3055999999999999,0.0,,-1.0,0.0
69,B-base,inlet,0.0,0.19000000000000006,1.2833999999999999,0.0,,-1.0,0.0
70,B-base,inlet,0.0,0.20000000000000007,1.2599999999999998,0.0,,-1.0,0.0
71,B-base,inlet,0.0,0.20999999999999996,1.2354000000000003,0.0,,-1.0,0.0
72,B-base,inlet,0.0,0.21999999999999997,1.2096,0.0,,-1.0,0.0
73,B-base,inlet,0.0,0.22999999999999998,1.1825999999999999,0.0,,-1.0,0.0
74,B-base,inlet,0.0,0.24,1.1544,0.0,,-1.0,0.0
75,B-base,inlet,0.0,0.25,1.125,0.0,,-1.0,0.0
76,B-base,inlet,0.0,0.26,1.0944,0.0,,-1.0,0.0
77,B-base,inlet,0.0,0.27,1.0625999999999998,0.0,,-1.0,0.0
78,B-base,inlet,0.0,0.28,1.0295999999999998,0.0,,-1.0,0.0
79,B-base,inlet,0.0,0.29000000000000004,0.9954,0.0,,-1.0,0.0
80,B-base,inlet,0.0,0.30000000000000004,0.9599999999999999,0.0,,-1.0,0.0
81,B-base,inlet,0.0,0.31000000000000005,0.9233999999999999,0.0,,-1.0,0.0
82,B-base,inlet,0.0,0.32000000000000006,0.8855999999999997,0.0,,-1.0,0.0
83,B-base,inlet,0.0,0.33000000000000007,0.8465999999999997,0.0,,-1.0,0.0
84,B-base,inlet,0.0,0.33999999999999997,0.8064000000000001,0.0,,-1.0,0.0
85,B-base,inlet,0.0,0.35,0.765,0.0,,-1.0,0.0
86,B-base,inlet,0.0,0.36,0.7224,0.0,,-1.0,0.0
87,B-base,inlet,0.0,0.37,0.6786000000000001,0.0,,-1.0,0.0
88,B-base,inlet,0.0,0.38,0.6335999999999999,0.0,,-1.0,0.0
89,B-base,inlet,0.0,0.39,0.5873999999999999,0.0,,-1.0,0.0
90,B-base,inlet,0.0,0.4,0.5399999999999998,0.0,,-1.0,0.0
91,B-base,inlet,0.0,0.41000000000000003,0.49139999999999984,0.0,,-1.0,0.0
92,B-base,inlet,0.0,0.42000000000000004,0.4415999999999998,0.0,,-1.0,0.0
93,B-base,inlet,0.0,0.43000000000000005,0.3905999999999998,0.0,,-1.0,0.0
94,B-base,inlet,0.0,0.44000000000000006,0.3383999999999997,0.0,,-1.0,0.0
95,B-base,inlet,0.0,0.45000000000000007,0.2849999999999996,0.0,,-1.0,0.0
96,B-base,inlet,0.0,0.45999999999999996,0.23040000000000027,0.0,,-1.0,0.0
97,B-base,inlet,0.0,0.47,0.1746000000000001,0.0,,-1.0,0.0
98,B-base,inlet,0.0,0.48,0.11760000000000004,0.0,,-1.0,0.0
99,B-base,inlet,0.0,0.49,0.05940000000000012,0.0,,-1.0,0.0
100,B-base,inlet,0.0,0.5,0.0,0.0,,-1.0,0.0
101,B-base,wall,0.0,0.5,0.0,0.0,,0.0,1.0
102,B-base,wall,0.04,0.5,0.0,0.0,,0.0,1.0
103,B-base,wall,0.08,0.5,0.0,0.0,,0.0,1.0
104,B-base,wall,0.12,0.5,0.0,0.0,,0.0,1.0
105,B-base,wall,0.16,0.5,0.0,0.0,,0.0,1.0
106,B-base,wall,0.2,0.5,0.0,0.0,,0.0,1.0
107,B-base,wall,0.24,0.5,0.0,0.0,,0.0,1.0
108,B-base,wall,0.28,0.5,0.0,0.0,,0.0,1.0
109,B-base,wall,0.32,0.5,0.0,0.0,,0.0,1.0
110,B-base,wall,0.36,0.5,0.0,0.0,,0.0,1.0
111,B-base,wall,0.4,0.5,0.0,0.0,,0.0,1.0
112,B-base,wall,0.44,0.5,0.0,0.0,,0.0,1.0
113,B-base,wall,0.48,0.5,0.0,0.0,,0.0,1.0
114,B-base,wall,0.52,0.5,0.0,0.0,,0.0,1.0
115,B-base,wall,0.56,0.5,0.0,0.0,,0.0,1.0
116,B-base,wall,0.6,0.5,0.0,0.0,,0.0,1.0
117,B-base,wall,0.64,0.5,0.0,0.0,,0.0,1.0
118,B-base,wall,0.68,0.5,0.0,0.0,,0.0,1.0
119,B-base,wall,0.72,0.5,0.0,0.0,,0.0,1.0
120,B-base,wall,0.76,0.5,0.0,0.0,,0.0,1.0
121,B-base,wall,0.8,0.5,0.0,0.0,,0.0,1.0
122,B-base,wall,0.84,0.5,0.0,0.0,,0.0,1.0
123,B-base,wall,0.88,0.5,0.0,0.0,,0.0,1.0
124,B-base,wall,0.92,0.5,0.0,0.0,,0.0,1.0
125,B-base,wall,0.96,0.5,0.0,0.0,,0.0,1.0
126,B-base,wall,1.0,0.5,0.0,0.0,,0.0,1.0
127,B-base,wall,1.04,0.5,0.0,0.0,,0.0,1.0
128,B-base,wall,1.08,0.5,0.0,0.0,,0.0,1.0
129,B-base,wall,1.12,0.5,0.0,0.0,,0.0,1.0
130,B-base,wall,1.16,0.5,0.0,0.0,,0.0,1.0
131,B-base,wall,1.2,0.5,0.0,0.0,,0.0,1.0
132,B-base,wall,1.24,0.5,0.0,0.0,,0.0,1.0
133,B-base,wall,1.28,0.5,0.0,0.0,,0.0,1.0
134,B-base,wall,1.32,0.5,0.0,0.0,,0.0,1.0
135,B-base,wall,1.36,0.5,0.0,0.0,,0.0,1.0
136,B-base,wall,1.4000000000000001,0.5,0.0,0.0,,0.0,1.0
137,B-base,wall,1.44,0.5,0.0,0.0,,0.0,1.0
138,B-base,wall,1.48,0.5,0.0,0.0,,0.0,1.0
139,B-base,wall,1.52,0.5,0.0,0.0,,0.0,1.0
140,B-base,wall,1.56,0.5,0.0,0.0,,0.0,1.0
141,B-base,wall,1.6,0.5,0.0,0.0,,0.0,1.0
142,B-base,wall,1.6400000000000001,0.5,0.0,0.0,,0.0,1.0
143,B-base,wall,1.68,0.5,0.0,0.0,,0.0,1.0
144,B-base,wall,1.72,0.5,0.0,0.0,,0.0,1.0
145,B-base,wall,1.76,0.5,0.0,0.0,,0.0,1.0
146,B-base,wall,1.8,0.5,0.0,0.0,,0.0,1.0
147,B-base,wall,1.84,0.5,0.0,0.0,,0.0,1.0
148,B-base,wall,1.8800000000000001,0.5,0.0,0.0,,0.0,1.0
149,B-base,wall,1.92,0.5,0.0,0.0,,0.0,1.0
150,B-base,wall,1.96,0.5,0.0,0.0,,0.0,1.0
151,B-base,wall,2.0,0.5,0.0,0.0,,0.0,1.0
152,B-base,wall,2.04,0.5,0.0,0.0,,0.0,1.0
153,B-base,wall,2.08,0.5,0.0,0.0,,0.0,1.0
154,B-base,wall,2.12,0.5,0.0,0.0,,0.0,1.0
155,B-base,wall,2.16,0.5,0.0,0.0,,0.0,1.0
156,B-base,wall,2.2,0.5,0.0,0.0,,0.0,1.0
157,B-base,wall,2.24,0.5,0.0,0.0,,0.0,1.0
158,B-base,wall,2.2800000000000002,0.5,0.0,0.0,,0.0,1.0
159,B-base,wall,2.32,0.5,0.0,0.0,,0.0,1.0
160,B-base,wall,2.36,0.5,0.0,0.0,,0.0,1.0
161,B-base,wall,2.4,0.5,0.0,0.0,,0.0,1.0
162,B-base,wall,2.44,0.5,0.0,0.0,,0.0,1.0
163,B-base,wall,2.48,0.5,0.0,0.0,,0.0,1.0
164,B-base,wall,2.52,0.5,0.0,0.0,,0.0,1.0
165,B-base,wall,2.56,0.5,0.0,0.0,,0.0,1.0
166,B-base,wall,2.6,0.5,0.0,0.0,,0.0,1.0
167,B-base,wall,2.64,0.5,0.0,0.0,,0.0,1.0
168,B-base,wall,2.68,0.5,0.0,0.0,,0.0,1.0
169,B-base,wall,2.72,0.5,0.0,0.0,,0.0,1.0
170,B-base,wall,2.7600000000000002,0.5,0.0,0.0,,0.0,1.0
171,B-base,wall,2.8000000000000003,0.5,0.0,0.0,,0.0,1.0
172,B-base,wall,2.84,0.5,0.0,0.0,,0.0,1.0
173,B-base,wall,2.88,0.5,0.0,0.0,,0.0,1.0
174,B-base,wall,2.92,0.5,0.0,0.0,,0.0,1.0
175,B-base,wall,2.96,0.5,0.0,0.0,,0.0,1.0
176,B-base,wall,3.0,0.5,0.0,0.0,,0.0,1.0
177,B-base,wall,3.04,0.5,0.0,0.0,,0.0,1.0
178,B-base,wall,3.08,0.5,0.0,0.0,,0.0,1.0
179,B-base,wall,3.12,0.5,0.0,0.0,,0.0,1.0
180,B-base,wall,3.16,0.5,0.0,0.0,,0.0,1.0
181,B-base,wall,3.2,0.5,0.0,0.0,,0.0,1.0
182,B-base,wall,3.24,0.5,0.0,0.0,,0.0,1.0
183,B-base,wall,3.2800000000000002,0.5,0.0,0.0,,0.0,1.0
184,B-base,wall,3.3200000000000003,0.5,0.0,0.0,,0.0,1.0
185,B-base,wall,3.36,0.5,0.0,0.0,,0.0,1.0
186,B-base,wall,3.4,0.5,0.0,0.0,,0.0,1.0
187,B-base,wall,3.44,0.5,0.0,0.0,,0.0,1.0
188,B-base,wall,3.48,0.5,0.0,0.0,,0.0,1.0
189,B-base,wall,3.52,0.5,0.0,0.0,,0.0,1.0
190,B-base,wall,3.56,0.5,0.0,0.0,,0.0,1.0
191,B-base,wall,3.6,0.5,0.0,0.0,,0.0,1.0
192,B-base,wall,3.64,0.5,0.0,0.0,,0.0,1.0
193,B-base,wall,3.68,0.5,0.0,0.0,,0.0,1.0
194,B-base,wall,3.72,0.5,0.0,0.0,,0.0,1.0
195,B-base,wall,3.7600000000000002,0.5,0.0,0.0,,0.0,1.0
196,B-base,wall,3.8000000000000003,0.5,0.0,0.0,,0.0,1.0
197,B-base,wall,3.84,0.5,0.0,0.0,,0.0,1.0
198,B-base,wall,3.88,0.5,0.0,0.0,,0.0,1.0
199,B-base,wall,3.92,0.5,0.0,0.0,,0.0,1.0
200,B-base,wall,3.96,0.5,0.0,0.0,,0.0,1.0
201,B-base,wall,4.0,0.5,0.0,0.0,,0.0,1.0
202,B-base,wall,0.0,-0.5,0.0,0.0,,0.0,-1.0
203,B-base,wall,0.04,-0.5,0.0,0.0,,0.0,-1.0
204,B-base,wall,0.08,-0.5,0.0,0.0,,0.0,-1.0
205,B-base,wall,0.12,-0.5,0.0,0.0,,0.0,-1.0
206,B-base,wall,0.16,-0.5,0.0,0.0,,0.0,-1.0
207,B-base,wall,0.2,-0.5,0.0,0.0,,0.0,-1.0
208,B-base,wall,0.24,-0.5,0.0,0.0,,0.0,-1.0
209,B-base,wall,0.28,-0.5,0.0,0.0,,0.0,-1.0
210,B-base,wall,0.32,-0.5,0.0,0.0,,0.0,-1.0
211,B-base,wall,0.36,-0.5,0.0,0.0,,0.0,-1.0
212,B-base,wall,0.4,-0.5,0.0,0.0,,0.0,-1.0
213,B-base,wall,0.44,-0.5,0.0,0.0,,0.0,-1.0
214,B-base,wall,0.48,-0.5,0.0,0.0,,0.0,-1.0
215,B-base,wall,0.52,-0.5,0.0,0.0,,0.0,-1.0
216,B-base,wall,0.56,-0.5,0.0,0.0,,0.0,-1.0
217,B-base,wall,0.6,-0.5,0.0,0.0,,0.0,-1.0
218,B-base,wall,0.64,-0.5,0.0,0.0,,0.0,-1.0
219,B-base,wall,0.68,-0.5,0.0,0.0,,0.0,-1.0
220,B-base,wall,0.72,-0.5,0.0,0.0,,0.0,-1.0
221,B-base,wall,0.76,-0.5,0.0,0.0,,0.0,-1.0
222,B-base,wall,0.8,-0.5,0.0,0.0,,0.0,-1.0
223,B-base,wall,0.84,-0.5,0.0,0.0,,0.0,-1.0
224,B-base,wall,0.88,-0.5,0.0,0.0,,0.0,-1.0
225,B-base,wall,0.92,-0.5,0.0,0.0,,0.0,-1.0
226,B-base,wall,0.96,-0.5,0.0,0.0,,0.0,-1.0
227,B-base,wall,1.0,-0.5,0.0,0.0,,0.0,-1.0
228,B-base,wall,1.04,-0.5,0.0,0.0,,0.0,-1.0
229,B-base,wall,1.08,-0.5,0.0,0.0,,0.0,-1.0
230,B-base,wall,1.12,-0.5,0.0,0.0,,0.0,-1.0
231,B-base,wall,1.16,-0.5,0.0,0.0,,0.0,-1.0
232,B-base,wall,1.2,-0.5,0.0,0.0,,0.0,-1.0
233,B-base,wall,1.24,-0.5,0.0,0.0,,0.0,-1.0
234,B-base,wall,1.28,-0.5,0.0,0.0,,0.0,-1.0
235,B-base,wall,1.32,-0.5,0.0,0.0,,0.0,-1.0
236,B-base,wall,1.36,-0.5,0.0,0.0,,0.0,-1.0
237,B-base,wall,1.4000000000000001,-0.5,0.0,0.0,,0.0,-1.0
238,B-base,wall,1.44,-0.5,0.0,0.0,,0.0,-1.0
239,B-base,wall,1.48,-0.5,0.0,0.0,,0.0,-1.0
240,B-base,wall,1.52,-0.5,0.0,0.0,,0.0,-1.0
241,B-base,wall,1.56,-0.5,0.0,0.0,,0.0,-1.0
242,B-base,wall,1.6,-0.5,0.0,0.0,,0.0,-1.0
243,B-base,wall,1.6400000000000001,-0.5,0.0,0.0,,0.0,-1.0
244,B-base,wall,1.68,-0.5,0.0,0.0,,0.0,-1.0
245,B-base,wall,1.72,-0.5,0.0,0.0,,0.0,-1.0
246,B-base,wall,1.76,-0.5,0.0,0.0,,0.0,-1.0
247,B-base,wall,1.8,-0.5,0.0,0.0,,0.0,-1.0
248,B-base,wall,1.84,-0.5,0.0,0.0,,0.0,-1.0
249,B-base,wall,1.8800000000000001,-0.5,0.0,0.0,,0.0,-1.0
250,B-base,wall,1.92,-0.5,0.0,0.0,,0.0,-1.0
251,B-base,wall,1.96,-0.5,0.0,0.0,,0.0,-1.0
252,B-base,wall,2.0,-0.5,0.0,0.0,,0.0,-1.0
253,B-base,wall,2.04,-0.5,0.0,0.0,,0.0,-1.0
254,B-base,wall,2.08,-0.5,0.0,0.0,,0.0,-1.0
255,B-base,wall,2.12,-0.5,0.0,0.0,,0.0,-1.0
256,B-base,wall,2.16,-0.5,0.0,0.0,,0.0,-1.0
257,B-base,wall,2.2,-0.5,0.0,0.0,,0.0,-1.0
258,B-base,wall,2.24,-0.5,0.0,0.0,,0.0,-1.0
259,B-base,wall,2.2800000000000002,-0.5,0.0,0.0,,0.0,-1.0
260,B-base,wall,2.32,-0.5,0.0,0.0,,0.0,-1.0
261,B-base,wall,2.36,-0.5,0.0,0.0,,0.0,-1.0
262,B-base,wall,2.4,-0.5,0.0,0.0,,0.0,-1.0
263,B-base,wall,2.44,-0.5,0.0,0.0,,0.0,-1.0
264,B-base,wall,2.48,-0.5,0.0,0.0,,0.0,-1.0
265,B-base,wall,2.52,-0.5,0.0,0.0,,0.0,-1.0
266,B-base,wall,2.56,-0.5,0.0,0.0,,0.0,-1.0
267,B-base,wall,2.6,-0.5,0.0,0.0,,0.0,-1.0
268,B-base,wall,2.64,-0.5,0.0,0.0,,0.0,-1.0
269,B-base,wall,2.68,-0.5,0.0,0.0,,0.0,-1.0
270,B-base,wall,2.72,-0.5,0.0,0.0,,0.0,-1.0
271,B-base,wall,2.7600000000000002,-0.5,0.0,0.0,,0.0,-1.0
272,B-base,wall,2.8000000000000003,-0.5,0.0,0.0,,0.0,-1.0
273,B-base,wall,2.84,-0.5,0.0,0.0,,0.0,-1.0
274,B-base,wall,2.88,-0.5,0.0,0.0,,0.0,-1.0
275,B-base,wall,2.92,-0.5,0.0,0.0,,0.0,-1.0
276,B-base,wall,2.96,-0.5,0.0,0.0,,0.0,-1.0
277,B-base,wall,3.0,-0.5,0.0,0.0,,0.0,-1.0
278,B-base,wall,3.04,-0.5,0.0,0.0,,0.0,-1.0
279,B-base,wall,3.08,-0.5,0.0,0.0,,0.0,-1.0
280,B-base,wall,3.12,-0.5,0.0,0.0,,0.0,-1.0
281,B-base,wall,3.16,-0.5,0.0,0.0,,0.0,-1.0
282,B-base,wall,3.2,-0.5,0.0,0.0,,0.0,-1.0
283,B-base,wall,3.24,-0.5,0.0,0.0,,0.0,-1.0
284,B-base,wall,3.2800000000000002,-0.5,0.0,0.0,,0.0,-1.0
285,B-base,wall,3.3200000000000003,-0.5,0.0,0.0,,0.0,-1.0
286,B-base,wall,3.36,-0.5,0.0,0.0,,0.0,-1.0
287,B-base,wall,3.4,-0.5,0.0,0.0,,0.0,-1.0
288,B-base,wall,3.44,-0.5,0.0,0.0,,0.0,-1.0
289,B-base,wall,3.48,-0.5,0.0,0.0,,0.0,-1.0
290,B-base,wall,3.52,-0.5,0.0,0.0,,0.0,-1.0
291,B-base,wall,3.56,-0.5,0.0,0.0,,0.0,-1.0
292,B-base,wall,3.6,-0.5,0.0,0.0,,0.0,-1.0
293,B-base,wall,3.64,-0.5,0.0,0.0,,0.0,-1.0
294,B-base,wall,3.68,-0.5,0.0,0.0,,0.0,-1.0
295,B-base,wall,3.72,-0.5,0.0,0.0,,0.0,-1.0
296,B-base,wall,3.7600000000000002,-0.5,0.0,0.0,,0.0,-1.0
297,B-base,wall,3.8000000000000003,-0.5,0.0,0.0,,0.0,-1.0
298,B-base,wall,3.84,-0.5,0.0,0.0,,0.0,-1.0
299,B-base,wall,3.88,-0.5,0.0,0.0,,0.0,-1.0
300,B-base,wall,3.92,-0.5,0.0,0.0,,0.0,-1.0
301,B-base,wall,3.96,-0.5,0.0,0.0,,0.0,-1.0
302,B-base,wall,4.0,-0.5,0.0,0.0,,0.0,-1.0
303,B-base,wall,4.0,0.5,0.0,0.0,,-6.123233995736766e-17,1.0
304,B-base,wall,4.086390245215013,0.5006785213508671,0.0,0.0,,-0.015707317311820648,0.9998766324816606
305,B-base,wall,4.172759174929706,0.5027139179884763,0.0,0.0,,-0.031410759078128396,0.9995065603657316
306,B-base,wall,4.259085478903034,0.506105687709165,0.0,0.0,,-0.04710645070964268,0.99888987496197
307,B-base,wall,4.345347857411224,0.5108529936445061,0.0,0.0,,-0.06279051952931353,0.9980267284282716
308,B-base,wall,4.431525026503148,0.5169546644677965,0.0,0.0,,-0.078459095727845,0.996917333733128
309,B-base,wall,4.517595723251828,0.5244091946830602,0.0,0.0,,-0.09410831331851428,0.99556196460308
310,B-base,wall,4.603538711000749,0.5332147449965117,0.0,0.0,,-0.10973431109104537,0.9939609554551797
311,B-base,wall,4.689332784603673,0.5433691427703717,0.0,0.0,,-0.12533323356430426,0.9921147013144779
312,B-base,wall,4.7749567756567055,0.5548698825589335,0.0,0.0,,-0.1409012319375828,0.9900236577165575
313,B-base,wall,4.86038955772127,0.5677141267267425,0.0,0.0,,-0.15643446504023092,0.9876883405951378
314,B-base,wall,4.945610051536752,0.5818987061487428,0.0,0.0,,-0.17192910027940952,0.985109326154774
315,B-base,wall,5.0305972302214865,0.5974201209922123,0.0,0.0,,-0.18738131458572474,0.9822872507286886
316,B-base,wall,5.115330124460819,0.6142745415802882,0.0,0.0,,-0.2027872953565125,0.9792228106217657
317,B-base,wall,5.199787827680985,0.6324578093368896,0.0,0.0,,-0.2181432413965427,0.9759167619387473
318,B-base,wall,5.283949501207481,0.6519654378127786,0.0,0.0,,-0.23344536385590547,0.9723699203976766
319,B-base,wall,5.367794379406702,0.6727926137925291,0.0,0.0,,-0.24868988716485474,0.9685831611286311
320,B-base,wall,5.451301774809552,0.6949341984821107,0.0,0.0,,-0.263873049965373,0.9645574184577981
321,B-base,wall,5.534451083215761,0.7183847287768135,0.0,0.0,,-0.2789911060392293,0.9602936856769431
322,B-base,wall,5.617221788777672,0.7431384186091847,0.0,0.0,,-0.2940403252323041,0.9557930147983301
323,B-base,wall,5.699593469062211,0.7691891603766559,0.0,0.0,,-0.30901699437494745,0.9510565162951535
324,B-base,wall,5.781545800089821,0.7965305264485005,0.0,0.0,,-0.3239174181981494,0.9460853588275453
325,B-base,wall,5.863058561349103,0.8251557707517598,0.0,0.0,,-0.3387379202452915,0.9408807689542255
326,B-base,wall,5.9441116407859145,0.8550578304357295,0.0,0.0,,-0.35347484377925714,0.9354440308298674
327,B-base,wall,6.02468503976573,0.8862293276146174,0.0,0.0,,-0.3681245526846781,0.9297764858882513
328,B-base,wall,6.104758878007994,0.918662571187923,0.0,0.0,,-0.38268343236508984,0.9238795325112867
329,B-base,wall,6.184313398491293,0.9523495587381037,0.0,0.0,,-0.39714789063478056,0.9177546256839811
330,B-base,wall,6.2633289723280985,0.9872819785050515,0.0,0.0,,-0.4115143586051089,0.9114032766354452
331,B-base,wall,6.3417861036079,1.0234512114368925,0.0,0.0,,-0.4257792915650728,0.9048270524660195
332,B-base,wall,6.419665434207534,1.0608483333166143,0.0,0.0,,-0.43993916985591525,0.8980275757606155
333,B-base,wall,6.496947748567507,1.0994641169639774,0.0,0.0,,-0.4539904997395468,0.8910065241883678
334,B-base,wall,6.573613978433153,1.1392890345121858,0.0,0.0,,-0.46792981426057334,0.8837656300886935
335,B-base,wall,6.649645207559434,1.1803132597587505,0.0,0.0,,-0.4817536741017153,0.8763066800438636
336,B-base,wall,6.725022676378242,1.2225266705899491,0.0,0.0,,-0.4954586684324077,0.8686315144381911
337,B-base,wall,6.799727786627043,1.2659188514783102,0.0,0.0,,-0.5090414157503714,0.8607420270039435
338,B-base,wall,6.873742105937719,1.310479096052493,0.0,0.0,,-0.5224985647159489,0.8526401643540922
339,B-base,wall,6.947047372384481,1.3561964097389172,0.0,0.0,,-0.5358267949789965,0.8443279255020151
340,B-base,wall,7.019625498989725,1.4030595124745142,0.0,0.0,,-0.5490228179981318,0.8358073613682702
341,B-base,wall,7.091458578186719,1.45105684148991,0.0,0.0,,-0.5620833778521307,0.8270805742745617
342,B-base,wall,7.162528886238032,1.5001765541623708,0.0,0.0,,-0.5750052520432787,0.8181497174250234
343,B-base,wall,7.232818887608602,1.5504065309377886,0.0,0.0,,-0.5877852522924731,0.8090169943749475
344,B-base,wall,7.302311239292363,1.6017343783210025,0.0,0.0,,-0.6004202253258841,0.7996846584870905
345,B-base,wall,7.370988795091371,1.654147431933703,0.0,0.0,,-0.6129070536529766,0.7901550123756903
346,B-base,wall,7.43883460984638,1.7076327596391865,0.0,0.0,,-0.6252426563357053,0.7804304073383297
347,B-base,wall,7.505831943617794,1.7621771647331599,0.0,0.0,,-0.6374239897486899,0.7705132427757891
348,B-base,wall,7.5719642658160105,1.8177671891998308,0.0,0.0,,-0.6494480483301838,0.7604059656000308
349,B-base,wall,7.637215259280086,1.8743891170324725,0.0,0.0,,-0.6613118653236519,0.7501110696304595
350,B-base,wall,7.701568824303754,1.9320289776176471,0.0,0.0,,-0.6730125135097734,0.7396310949786097
351,B-base,wall,7.765009082607788,1.9906725491822375,0.0,0.0,,-0.6845471059286887,0.7289686274214114
352,B-base,wall,7.827520381257729,2.050305362302462,0.0,0.0,,-0.6959127965923144,0.7181262977631887
353,B-base,wall,7.889087296526012,2.110912703473989,0.0,0.0,,-0.7071067811865476,0.7071067811865475
354,B-base,wall,7.949694637697538,2.1724796187422712,0.0,0.0,,-0.7181262977631888,0.6959127965923143
355,B-base,wall,8.009327450817764,2.2349909173922127,0.0,0.0,,-0.7289686274214116,0.6845471059286886
356,B-base,wall,8.067971022382354,2.2984311756962468,0.0,0.0,,-0.7396310949786098,0.6730125135097733
357,B-base,wall,8.125610882967528,2.362784740719915,0.0,0.0,,-0.7501110696304596,0.6613118653236518
358,B-base,wall,8.182232810800171,2.4280357341839904,0.0,0.0,,-0.760405965600031,0.6494480483301835
359,B-base,wall,8.237822835266842,2.494168056382207,0.0,0.0,,-0.7705132427757894,0.6374239897486896
360,B-base,wall,8.292367240360814,2.561165390153622,0.0,0.0,,-0.7804304073383298,0.6252426563357051
361,B-base,wall,8.345852568066297,2.62901120490863,0.0,0.0,,-0.7901550123756904,0.6129070536529764
362,B-base,wall,8.398265621678998,2.6976887607076385,0.0,0.0,,-0.7996846584870906,0.6004202253258839
363,B-base,wall,8.449593469062211,2.7671811123913983,0.0,0.0,,-0.8090169943749475,0.587785252292473
364,B-base,wall,8.49982344583763,2.8374711137619686,0.0,0.0,,-0.8181497174250235,0.5750052520432785
365,B-base,wall,8.54894315851009,2.9085414218132817,0.0,0.0,,-0.8270805742745618,0.5620833778521306
366,B-base,wall,8.596940487525487,2.980374501010276,0.0,0.0,,-0.8358073613682703,0.5490228179981317
367,B-base,wall,8.643803590261083,3.052952627615519,0.0,0.0,,-0.8443279255020152,0.5358267949789965
368,B-base,wall,8.689520903947507,3.126257894062282,0.0,0.0,,-0.8526401643540922,0.5224985647159488
369,B-base,wall,8.73408114852169,3.2002722133729584,0.0,0.0,,-0.8607420270039438,0.5090414157503712
370,B-base,wall,8.777473329410052,3.274977323621759,0.0,0.0,,-0.8686315144381913,0.4954586684324075
371,B-base,wall,8.81968674024125,3.3503547924405668,0.0,0.0,,-0.8763066800438637,0.4817536741017151
372,B-base,wall,8.860710965487815,3.426386021566847,0.0,0.0,,-0.8837656300886935,0.4679298142605733
373,B-base,wall,8.900535883036024,3.503052251432493,0.0,0.0,,-0.8910065241883679,0.45399049973954675
374,B-base,wall,8.939151666683387,3.5803345657924672,0.0,0.0,,-0.8980275757606156,0.439939169855915
375,B-base,wall,8.976548788563107,3.6582138963921005,0.0,0.0,,-0.9048270524660196,0.4257792915650726
376,B-base,wall,9.01271802149495,3.736671027671903,0.0,0.0,,-0.9114032766354453,0.4115143586051086
377,B-base,wall,9.047650441261897,3.815686601508707,0.0,0.0,,-0.9177546256839811,0.3971478906347805
378,B-base,wall,9.081337428812077,3.8952411219920062,0.0,0.0,,-0.9238795325112867,0.3826834323650898
379,B-base,wall,9.113770672385382,3.975314960234272,0.0,0.0,,-0.9297764858882515,0.3681245526846778
380,B-base,wall,9.14494216956427,4.0558883592140855,0.0,0.0,,-0.9354440308298674,0.3534748437792571
381,B-base,wall,9.17484422924824,4.136941438650899,0.0,0.0,,-0.9408807689542256,0.3387379202452912
382,B-base,wall,9.2034694735515,4.218454199910179,0.0,0.0,,-0.9460853588275453,0.32391741819814934
383,B-base,wall,9.230810839623345,4.3004065309377895,0.0,0.0,,-0.9510565162951535,0.3090169943749474
384,B-base,wall,9.256861581390815,4.382778211222329,0.0,0.0,,-0.9557930147983301,0.29404032523230383
385,B-base,wall,9.281615271223187,4.46554891678424,0.0,0.0,,-0.9602936856769431,0.2789911060392292
386,B-base,wall,9.305065801517891,4.54869822519045,0.0,0.0,,-0.9645574184577982,0.2638730499653727
387,B-base,wall,9.327207386207473,4.632205620593299,0.0,0.0,,-0.9685831611286312,0.24868988716485468
388,B-base,wall,9.348034562187221,4.716050498792521,0.0,0.0,,-0.9723699203976767,0.2334453638559052
389,B-base,wall,9.36754219066311,4.800212172319017,0.0,0.0,,-0.9759167619387474,0.21814324139654243
390,B-base,wall,9.385725458419712,4.884669875539181,0.0,0.0,,-0.9792228106217657,0.20278729535651244
391,B-base,wall,9.402579879007789,4.969402769778515,0.0,0.0,,-0.9822872507286887,0.18738131458572446
392,B-base,wall,9.418101293851258,5.054389948463248,0.0,0.0,,-0.985109326154774,0.17192910027940944
393,B-base,wall,9.432285873273258,5.139610442278731,0.0,0.0,,-0.9876883405951378,0.15643446504023065
394,B-base,wall,9.445130117441067,5.225043224343296,0.0,0.0,,-0.9900236577165575,0.14090123193758253
395,B-base,wall,9.456630857229628,5.310667215396327,0.0,0.0,,-0.9921147013144779,0.1253332335643042
396,B-base,wall,9.466785255003488,5.396461288999252,0.0,0.0,,-0.9939609554551797,0.10973431109104509
397,B-base,wall,9.47559080531694,5.482404276748172,0.0,0.0,,-0.99556196460308,0.09410831331851423
398,B-base,wall,9.483045335532204,5.568474973496854,0.0,0.0,,-0.996917333733128,0.07845909572784472
399,B-base,wall,9.489147006355495,5.654652142588777,0.0,0.0,,-0.9980267284282716,0.06279051952931324
400,B-base,wall,9.493894312290834,5.740914521096966,0.0,0.0,,-0.99888987496197,0.04710645070964262
401,B-base,wall,9.497286082011524,5.827240825070295,0.0,0.0,,-0.9995065603657316,0.03141075907812812
402,B-base,wall,9.499321478649133,5.913609754784987,0.0,0.0,,-0.9998766324816606,0.015707317311820585
403,B-base,wall,9.5,6.0,0.0,0.0,,-1.0,-0.0
404,B-base,wall,4.0,-0.5,0.0,0.0,,6.123233995736766e-17,-1.0
405,B-base,wall,4.1020975625268346,-0.49919811113079415,0.0,0.0,,0.015707317311820648,-0.9998766324816606
406,B-base,wall,4.204169934007835,-0.4967926423772555,0.0,0.0,,0.031410759078128396,-0.9995065603657316
407,B-base,wall,4.306191929612678,-0.4927841872528047,0.0,0.0,,0.04710645070964268,-0.99888987496197
408,B-base,wall,4.408138376940538,-0.4871737347837648,0.0,0.0,,0.06279051952931353,-0.9980267284282716
409,B-base,wall,4.509984122230993,-0.4799626692653316,0.0,0.0,,0.078459095727845,-0.996917333733128
410,B-base,wall,4.611704036570343,-0.4711527699200202,0.0,0.0,,0.09410831331851428,-0.99556196460308
411,B-base,wall,4.713273022091795,-0.4607462104586677,0.0,0.0,,0.10973431109104537,-0.9939609554551797
412,B-base,wall,4.814666018167978,-0.4487455585441058,0.0,0.0,,0.12533323356430426,-0.9921147013144779
413,B-base,wall,4.915858007594288,-0.435153775157624,0.0,0.0,,0.1409012319375828,-0.9900236577165575
414,B-base,wall,5.016824022761501,-0.41997421386839573,0.0,0.0,,0.15643446504023092,-0.9876883405951378
415,B-base,wall,5.117539151816162,-0.40321062000603103,0.0,0.0,,0.17192910027940952,-0.985109326154774
416,B-base,wall,5.217978544807211,-0.38486712973647563,0.0,0.0,,0.18738131458572474,-0.9822872507286886
417,B-base,wall,5.318117419817331,-0.36494826904147715,0.0,0.0,,0.2027872953565125,-0.9792228106217657
418,B-base,wall,5.417931069077527,-0.3434589526018579,0.0,0.0,,0.2181432413965427,-0.9759167619387473
419,B-base,wall,5.517394865063386,-0.3204044825848973,0.0,0.0,,0.23344536385590547,-0.9723699203976766
420,B-base,wall,5.616484266571556,-0.295790547336102,0.0,0.0,,0.24868988716485474,-0.9685831611286311
421,B-base,wall,5.715174824774924,-0.2696232199756876,0.0,0.0,,0.263873049965373,-0.9645574184577981
422,B-base,wall,5.813442189254991,-0.24190895690013026,0.0,0.0,,0.2789911060392293,-0.9602936856769431
423,B-base,wall,5.911262114009977,-0.21265459618914573,0.0,0.0,,0.2940403252323041,-0.9557930147983301
424,B-base,wall,6.008610463437158,-0.1818673559184978,0.0,0.0,,0.30901699437494745,-0.9510565162951535
425,B-base,wall,6.105463218287971,-0.1495548323790441,0.0,0.0,,0.3239174181981494,-0.9460853588275453
426,B-base,wall,6.2017964815943945,-0.11572499820246573,0.0,0.0,,0.3387379202452915,-0.9408807689542255
427,B-base,wall,6.297586484565171,-0.08038620039413757,0.0,0.0,,0.35347484377925714,-0.9354440308298674
428,B-base,wall,6.392809592450408,-0.043547158273633535,0.0,0.0,,0.3681245526846781,-0.9297764858882513
429,B-base,wall,6.487442310373083,-0.005216961323363911,0.0,0.0,,0.38268343236508984,-0.9238795325112867
430,B-base,wall,6.581461289126073,0.0345949330541222,0.0,0.0,,0.39714789063478056,-0.9177546256839811
431,B-base,wall,6.674843330933207,0.07587870186960632,0.0,0.0,,0.4115143586051089,-0.9114032766354452
432,B-base,wall,6.767565395172973,0.11862415897087342,0.0,0.0,,0.4257792915650728,-0.9048270524660195
433,B-base,wall,6.859604604063449,0.16282075755599923,0.0,0.0,,0.43993916985591525,-0.8980275757606155
434,B-base,wall,6.950938248307054,0.20845759277560916,0.0,0.0,,0.4539904997395468,-0.8910065241883678
435,B-base,wall,7.0415437926937265,0.2555234044234922,0.0,0.0,,0.46792981426057334,-0.8837656300886935
436,B-base,wall,7.13139888166115,0.304006579714887,0.0,0.0,,0.4817536741017153,-0.8763066800438636
437,B-base,wall,7.220481344810651,0.3538951561517578,0.0,0.0,,0.4954586684324077,-0.8686315144381911
438,B-base,wall,7.308769202377414,0.405176824474367,0.0,0.0,,0.5090414157503714,-0.8607420270039435
439,B-base,wall,7.396240670653668,0.45783893169840084,0.0,0.0,,0.5224985647159489,-0.8526401643540922
440,B-base,wall,7.4828741673634775,0.5118684842369019,0.0,0.0,,0.5358267949789965,-0.8443279255020151
441,B-base,wall,7.568648316987857,0.5672521511062438,0.0,0.0,,0.5490228179981318,-0.8358073613682702
442,B-base,wall,7.65354195603885,0.6239762672153493,0.0,0.0,,0.5620833778521307,-0.8270805742745617
443,B-base,wall,7.737534138281312,0.6820268367373483,0.0,0.0,,0.5750052520432787,-0.8181497174250234
444,B-base,wall,7.820604139901075,0.741389536562842,0.0,0.0,,0.5877852522924731,-0.8090169943749475
445,B-base,wall,7.902731464618247,0.8020497198339118,0.0,0.0,,0.6004202253258841,-0.7996846584870905
446,B-base,wall,7.983895848744348,0.8639924195580129,0.0,0.0,,0.6129070536529766,-0.7901550123756903
447,B-base,wall,8.064077266182085,0.9272023523008572,0.0,0.0,,0.6252426563357053,-0.7804304073383297
448,B-base,wall,8.143255933366484,0.9916639219573709,0.0,0.0,,0.6374239897486899,-0.7705132427757891
449,B-base,wall,8.221412314146194,1.0573612235997993,0.0,0.0,,0.6494480483301838,-0.7604059656000308
450,B-base,wall,8.298527124603737,1.1242780474020133,0.0,0.0,,0.6613118653236519,-0.7501110696304595
451,B-base,wall,8.374581337813527,1.1923978826390371,0.0,0.0,,0.6730125135097734,-0.7396310949786097
452,B-base,wall,8.449556188536476,1.2617039217608257,0.0,0.0,,0.6845471059286887,-0.7289686274214114
453,B-base,wall,8.523433177850045,1.3321790645392735,0.0,0.0,,0.6959127965923144,-0.7181262977631887
454,B-base,wall,8.59619407771256,1.4038059222874413,0.0,0.0,,0.7071067811865476,-0.7071067811865475
455,B-base,wall,8.667820935460728,1.476566822149957,0.0,0.0,,0.7181262977631888,-0.6959127965923143
456,B-base,wall,8.738296078239175,1.5504438114635244,0.0,0.0,,0.7289686274214116,-0.6845471059286886
457,B-base,wall,8.807602117360965,1.6254186621864735,0.0,0.0,,0.7396310949786098,-0.6730125135097733
458,B-base,wall,8.875721952597988,1.701472875396263,0.0,0.0,,0.7501110696304596,-0.6613118653236518
459,B-base,wall,8.942638776400202,1.7785876858538066,0.0,0.0,,0.760405965600031,-0.6494480483301835
460,B-base,wall,9.008336078042632,1.8567440666335173,0.0,0.0,,0.7705132427757894,-0.6374239897486896
461,B-base,wall,9.072797647699144,1.9359227338179172,0.0,0.0,,0.7804304073383298,-0.6252426563357051
462,B-base,wall,9.136007580441987,2.0161041512556537,0.0,0.0,,0.7901550123756904,-0.6129070536529764
463,B-base,wall,9.19795028016609,2.0972685353817546,0.0,0.0,,0.7996846584870906,-0.6004202253258839
464,B-base,wall,9.258610463437158,2.1793958600989254,0.0,0.0,,0.8090169943749475,-0.587785252292473
465,B-base,wall,9.317973163262653,2.26246586171869,0.0,0.0,,0.8181497174250235,-0.5750052520432785
466,B-base,wall,9.376023732784653,2.3464580439611513,0.0,0.0,,0.8270805742745618,-0.5620833778521306
467,B-base,wall,9.432747848893758,2.431351683012144,0.0,0.0,,0.8358073613682703,-0.5490228179981317
468,B-base,wall,9.488131515763099,2.5171258326365225,0.0,0.0,,0.8443279255020152,-0.5358267949789965
469,B-base,wall,9.5421610683016,2.6037593293463326,0.0,0.0,,0.8526401643540922,-0.5224985647159488
470,B-base,wall,9.594823175525635,2.691230797622587,0.0,0.0,,0.8607420270039438,-0.5090414157503712
471,B-base,wall,9.646104843848244,2.779518655189351,0.0,0.0,,0.8686315144381913,-0.4954586684324075
472,B-base,wall,9.695993420285113,2.868601118338852,0.0,0.0,,0.8763066800438637,-0.4817536741017151
473,B-base,wall,9.744476595576508,2.9584562073062735,0.0,0.0,,0.8837656300886935,-0.4679298142605733
474,B-base,wall,9.79154240722439,3.049061751692946,0.0,0.0,,0.8910065241883679,-0.45399049973954675
475,B-base,wall,9.837179242444002,3.1403953959365523,0.0,0.0,,0.8980275757606156,-0.439939169855915
476,B-base,wall,9.881375841029127,3.232434604827028,0.0,0.0,,0.9048270524660196,-0.4257792915650726
477,B-base,wall,9.924121298130395,3.325156669066794,0.0,0.0,,0.9114032766354453,-0.4115143586051086
478,B-base,wall,9.965405066945877,3.4185387108739267,0.0,0.0,,0.9177546256839811,-0.3971478906347805
479,B-base,wall,10.005216961323363,3.5125576896269166,0.0,0.0,,0.9238795325112867,-0.3826834323650898
480,B-base,wall,10.043547158273634,3.607190407549594,0.0,0.0,,0.9297764858882515,-0.3681245526846778
481,B-base,wall,10.080386200394138,3.702413515434829,0.0,0.0,,0.9354440308298674,-0.3534748437792571
482,B-base,wall,10.115724998202467,3.7982035184056073,0.0,0.0,,0.9408807689542256,-0.3387379202452912
483,B-base,wall,10.149554832379044,3.8945367817120293,0.0,0.0,,0.9460853588275453,-0.32391741819814934
484,B-base,wall,10.181867355918499,3.991389536562842,0.0,0.0,,0.9510565162951535,-0.3090169943749474
485,B-base,wall,10.212654596189147,4.0887378859900245,0.0,0.0,,0.9557930147983301,-0.29404032523230383
486,B-base,wall,10.24190895690013,4.18655781074501,0.0,0.0,,0.9602936856769431,-0.2789911060392292
487,B-base,wall,10.269623219975688,4.284825175225078,0.0,0.0,,0.9645574184577982,-0.2638730499653727
488,B-base,wall,10.295790547336104,4.383515733428444,0.0,0.0,,0.9685831611286312,-0.24868988716485468
489,B-base,wall,10.320404482584898,4.482605134936616,0.0,0.0,,0.9723699203976767,-0.2334453638559052
490,B-base,wall,10.343458952601859,4.582068930922475,0.0,0.0,,0.9759167619387474,-0.21814324139654243
491,B-base,wall,10.364948269041477,4.681882580182669,0.0,0.0,,0.9792228106217657,-0.20278729535651244
492,B-base,wall,10.384867129736477,4.782021455192791,0.0,0.0,,0.9822872507286887,-0.18738131458572446
493,B-base,wall,10.403210620006032,4.882460848183839,0.0,0.0,,0.985109326154774,-0.17192910027940944
494,B-base,wall,10.419974213868397,4.983175977238501,0.0,0.0,,0.9876883405951378,-0.15643446504023065
495,B-base,wall,10.435153775157623,5.084141992405714,0.0,0.0,,0.9900236577165575,-0.14090123193758253
496,B-base,wall,10.448745558544106,5.185333981832023,0.0,0.0,,0.9921147013144779,-0.1253332335643042
497,B-base,wall,10.460746210458668,5.286726977908207,0.0,0.0,,0.9939609554551797,-0.10973431109104509
498,B-base,wall,10.471152769920021,5.388295963429657,0.0,0.0,,0.99556196460308,-0.09410831331851423
499,B-base,wall,10.479962669265332,5.490015877769009,0.0,0.0,,0.996917333733128,-0.07845909572784472
500,B-base,wall,10.487173734783765,5.591861623059464,0.0,0.0,,0.9980267284282716,-0.06279051952931324
501,B-base,wall,10.492784187252806,5.693808070387323,0.0,0.0,,0.99888987496197,-0.04710645070964262
502,B-base,wall,10.496792642377255,5.795830065992167,0.0,0.0,,0.9995065603657316,-0.03141075907812812
503,B-base,wall,10.499198111130795,5.897902437473166,0.0,0.0,,0.9998766324816606,-0.015707317311820585
504,B-base,wall,10.5,6.0,0.0,0.0,,1.0,0.0
505,B-base,wall,9.5,6.0,0.0,0.0,,-1.0,6.123233995736766e-17
506,B-base,wall,9.5,6.06,0.0,0.0,,-1.0,6.123233995736766e-17
507,B-base,wall,9.5,6.12,0.0,0.0,,-1.0,6.123233995736766e-17
508,B-base,wall,9.5,6.18,0.0,0.0,,-1.0,6.123233995736766e-17
509,B-base,wall,9.5,6.24,0.0,0.0,,-1.0,6.123233995736766e-17
510,B-base,wall,9.5,6.3,0.0,0.0,,-1.0,6.123233995736766e-17
511,B-base,wall,9.5,6.36,0.0,0.0,,-1.0,6.123233995736766e-17
512,B-base,wall,9.5,6.42,0.0,0.0,,-1.0,6.123233995736766e-17
513,B-base,wall,9.5,6.48,0.0,0.0,,-1.0,6.123233995736766e-17
514,B-base,wall,9.5,6.54,0.0,0.0,,-1.0,6.123233995736766e-17
515,B-base,wall,9.5,6.6,0.0,0.0,,-1.0,6.123233995736766e-17
516,B-base,wall,9.5,6.66,0.0,0.0,,-1.0,6.123233995736766e-17
517,B-base,wall,9.5,6.72,0.0,0.0,,-1.0,6.123233995736766e-17
518,B-base,wall,9.5,6.78,0.0,0.0,,-1.0,6.123233995736766e-17
519,B-base,wall,9.5,6.84,0.0,0.0,,-1.0,6.123233995736766e-17
520,B-base,wall,9.5,6.9,0.0,0.0,,-1.0,6.123233995736766e-17
521,B-base,wall,9.5,6.96,0.0,0.0,,-1.0,6.123233995736766e-17
522,B-base,wall,9.5,7.02,0.0,0.0,,-1.0,6.123233995736766e-17
523,B-base,wall,9.5,7.08,0.0,0.0,,-1.0,6.123233995736766e-17
524,B-base,wall,9.5,7.14,0.0,0.0,,-1.0,6.123233995736766e-17
525,B-base,wall,9.5,7.2,0.0,0.0,,-1.0,6.123233995736766e-17
526,B-base,wall,9.5,7.26,0.0,0.0,,-1.0,6.123233995736766e-17
527,B-base,wall,9.5,7.32,0.0,0.0,,-1.0,6.123233995736766e-17
528,B-base,wall,9.5,7.38,0.0,0.0,,-1.0,6.123233995736766e-17
529,B-base,wall,9.5,7.4399999999999995,0.0,0.0,,-1.0,6.123233995736766e-17
530,B-base,wall,9.5,7.5,0.0,0.0,,-1.0,6.123233995736766e-17
531,B-base,wall,9.5,7.5600000000000005,0.0,0.0,,-1.0,6.123233995736766e-17
532,B-base,wall,9.5,7.62,0.0,0.0,,-1.0,6.123233995736766e-17
533,B-base,wall,9.5,7.68,0.0,0.0,,-1.0,6.123233995736766e-17
534,B-base,wall,9.5,7.74,0.0,0.0,,-1.0,6.123233995736766e-17
535,B-base,wall,9.5,7.8,0.0,0.0,,-1.0,6.123233995736766e-17
536,B-base,wall,9.5,7.859999999999999,0.0,0.0,,-1.0,6.123233995736766e-17
537,B-base,wall,9.5,7.92,0.0,0.0,,-1.0,6.123233995736766e-17
538,B-base,wall,9.5,7.98,0.0,0.0,,-1.0,6.123233995736766e-17
539,B-base,wall,9.5,8.04,0.0,0.0,,-1.0,6.123233995736766e-17
540,B-base,wall,9.5,8.1,0.0,0.0,,-1.0,6.123233995736766e-17
541,B-base,wall,9.5,8.16,0.0,0.0,,-1.0,6.123233995736766e-17
542,B-base,wall,9.5,8.219999999999999,0.0,0.0,,-1.0,6.123233995736766e-17
543,B-base,wall,9.5,8.28,0.0,0.0,,-1.0,6.123233995736766e-17
544,B-base,wall,9.5,8.34,0.0,0.0,,-1.0,6.123233995736766e-17
545,B-base,wall,9.5,8.4,0.0,0.0,,-1.0,6.123233995736766e-17
546,B-base,wall,9.5,8.46,0.0,0.0,,-1.0,6.123233995736766e-17
547,B-base,wall,9.5,8.52,0.0,0.0,,-1.0,6.123233995736766e-17
548,B-base,wall,9.5,8.58,0.0,0.0,,-1.0,6.123233995736766e-17
549,B-base,wall,9.5,8.64,0.0,0.0,,-1.0,6.123233995736766e-17
550,B-base,wall,9.5,8.7,0.0,0.0,,-1.0,6.123233995736766e-17
551,B-base,wall,9.5,8.76,0.0,0.0,,-1.0,6.123233995736766e-17
552,B-base,wall,9.5,8.82,0.0,0.0,,-1.0,6.123233995736766e-17
553,B-base,wall,9.5,8.879999999999999,0.0,0.0,,-1.0,6.123233995736766e-17
554,B-base,wall,9.5,8.94,0.0,0.0,,-1.0,6.123233995736766e-17
555,B-base,wall,9.5,9.0,0.0,0.0,,-1.0,6.123233995736766e-17
556,B-base,wall,9.5,9.06,0.0,0.0,,-1.0,6.123233995736766e-17
557,B-base,wall,9.5,9.120000000000001,0.0,0.0,,-1.0,6.123233995736766e-17
558,B-base,wall,9.5,9.18,0.0,0.0,,-1.0,6.123233995736766e-17
559,B-base,wall,9.5,9.24,0.0,0.0,,-1.0,6.123233995736766e-17
560,B-base,wall,9.5,9.3,0.0,0.0,,-1.0,6.123233995736766e-17
561,B-base,wall,9.5,9.36,0.0,0.0,,-1.0,6.123233995736766e-17
562,B-base,wall,9.5,9.42,0.0,0.0,,-1.0,6.123233995736766e-17
563,B-base,wall,9.5,9.48,0.0,0.0,,-1.0,6.123233995736766e-17
564,B-base,wall,9.5,9.54,0.0,0.0,,-1.0,6.123233995736766e-17
565,B-base,wall,9.5,9.6,0.0,0.0,,-1.0,6.123233995736766e-17
566,B-base,wall,9.5,9.66,0.0,0.0,,-1.0,6.123233995736766e-17
567,B-base,wall,9.5,9.719999999999999,0.0,0.0,,-1.0,6.123233995736766e-17
568,B-base,wall,9.5,9.78,0.0,0.0,,-1.0,6.123233995736766e-17
569,B-base,wall,9.5,9.84,0.0,0.0,,-1.0,6.123233995736766e-17
570,B-base,wall,9.5,9.9,0.0,0.0,,-1.0,6.123233995736766e-17
571,B-base,wall,9.5,9.96,0.0,0.0,,-1.0,6.123233995736766e-17
572,B-base,wall,9.5,10.02,0.0,0.0,,-1.0,6.123233995736766e-17
573,B-base,wall,9.5,10.08,0.0,0.0,,-1.0,6.123233995736766e-17
574,B-base,wall,9.5,10.14,0.0,0.0,,-1.0,6.123233995736766e-17
575,B-base,wall,9.5,10.2,0.0,0.0,,-1.0,6.123233995736766e-17
576,B-base,wall,9.5,10.26,0.0,0.0,,-1.0,6.123233995736766e-17
577,B-base,wall,9.5,10.32,0.0,0.0,,-1.0,6.123233995736766e-17
578,B-base,wall,9.5,10.379999999999999,0.0,0.0,,-1.0,6.123233995736766e-17
579,B-base,wall,9.5,10.44,0.0,0.0,,-1.0,6.123233995736766e-17
580,B-base,wall,9.5,10.5,0.0,0.0,,-1.0,6.123233995736766e-17
581,B-base,wall,9.5,10.559999999999999,0.0,0.0,,-1.0,6.123233995736766e-17
582,B-base,wall,9.5,10.620000000000001,0.0,0.0,,-1.0,6.123233995736766e-17
583,B-base,wall,9.5,10.68,0.0,0.0,,-1.0,6.123233995736766e-17
584,B-base,wall,9.5,10.74,0.0,0.0,,-1.0,6.123233995736766e-17
585,B-base,wall,9.5,10.8,0.0,0.0,,-1.0,6.123233995736766e-17
586,B-base,wall,9.5,10.86,0.0,0.0,,-1.0,6.123233995736766e-17
587,B-base,wall,9.5,10.92,0.0,0.0,,-1.0,6.123233995736766e-17
588,B-base,wall,9.5,10.98,0.0,0.0,,-1.0,6.123233995736766e-17
589,B-base,wall,9.5,11.04,0.0,0.0,,-1.0,6.123233995736766e-17
590,B-base,wall,9.5,11.1,0.0,0.0,,-1.0,6.123233995736766e-17
591,B-base,wall,9.5,11.16,0.0,0.0,,-1.0,6.123233995736766e-17
592,B-base,wall,9.5,11.219999999999999,0.0,0.0,,-1.0,6.123233995736766e-17
593,B-base,wall,9.5,11.28,0.0,0.0,,-1.0,6.123233995736766e-17
594,B-base,wall,9.5,11.34,0.0,0.0,,-1.0,6.123233995736766e-17
595,B-base,wall,9.5,11.399999999999999,0.0,0.0,,-1.0,6.123233995736766e-17
596,B-base,wall,9.5,11.46,0.0,0.0,,-1.0,6.123233995736766e-17
597,B-base,wall,9.5,11.52,0.0,0.0,,-1.0,6.123233995736766e-17
598,B-base,wall,9.5,11.58,0.0,0.0,,-1.0,6.123233995736766e-17
599,B-base,wall,9.5,11.64,0.0,0.0,,-1.0,6.123233995736766e-17
600,B-base,wall,9.5,11.7,0.0,0.0,,-1.0,6.123233995736766e-17
601,B-base,wall,9.5,11.76,0.0,0.0,,-1.0,6.123233995736766e-17
602,B-base,wall,9.5,11.82,0.0,0.0,,-1.0,6.123233995736766e-17
603,B-base,wall,9.5,11.879999999999999,0.0,0.0,,-1.0,6.123233995736766e-17
604,B-base,wall,9.5,11.94,0.0,0.0,,-1.0,6.123233995736766e-17
605,B-base,wall,9.5,12.0,0.0,0.0,,-1.0,6.123233995736766e-17
606,B-base,wall,10.5,6.0,0.0,0.0,,1.0,-6.123233995736766e-17
607,B-base,wall,10.5,6.06,0.0,0.0,,1.0,-6.123233995736766e-17
608,B-base,wall,10.5,6.12,0.0,0.0,,1.0,-6.123233995736766e-17
609,B-base,wall,10.5,6.18,0.0,0.0,,1.0,-6.123233995736766e-17
610,B-base,wall,10.5,6.24,0.0,0.0,,1.0,-6.123233995736766e-17
611,B-base,wall,10.5,6.3,0.0,0.0,,1.0,-6.123233995736766e-17
612,B-base,wall,10.5,6.36,0.0,0.0,,1.0,-6.123233995736766e-17
613,B-base,wall,10.5,6.42,0.0,0.0,,1.0,-6.123233995736766e-17
614,B-base,wall,10.5,6.48,0.0,0.0,,1.0,-6.123233995736766e-17
615,B-base,wall,10.5,6.54,0.0,0.0,,1.0,-6.123233995736766e-17
616,B-base,wall,10.5,6.6,0.0,0.0,,1.0,-6.123233995736766e-17
617,B-base,wall,10.5,6.66,0.0,0.0,,1.0,-6.123233995736766e-17
618,B-base,wall,10.5,6.72,0.0,0.0,,1.0,-6.123233995736766e-17
619,B-base,wall,10.5,6.78,0.0,0.0,,1.0,-6.123233995736766e-17
620,B-base,wall,10.5,6.84,0.0,0.0,,1.0,-6.123233995736766e-17
621,B-base,wall,10.5,6.9,0.0,0.0,,1.0,-6.123233995736766e-17
622,B-base,wall,10.5,6.96,0.0,0.0,,1.0,-6.123233995736766e-17
623,B-base,wall,10.5,7.02,0.0,0.0,,1.0,-6.123233995736766e-17
624,B-base,wall,10.5,7.08,0.0,0.0,,1.0,-6.123233995736766e-17
625,B-base,wall,10.5,7.14,0.0,0.0,,1.0,-6.123233995736766e-17
626,B-base,wall,10.5,7.2,0.0,0.0,,1.0,-6.123233995736766e-17
627,B-base,wall,10.5,7.26,0.0,0.0,,1.0,-6.123233995736766e-17
628,B-base,wall,10.5,7.32,0.0,0.0,,1.0,-6.123233995736766e-17
629,B-base,wall,10.5,7.38,0.0,0.0,,1.0,-6.123233995736766e-17
630,B-base,wall,10.5,7.4399999999999995,0.0,0.0,,1.0,-6.123233995736766e-17
631,B-base,wall,10.5,7.5,0.0,0.0,,1.0,-6.123233995736766e-17
632,B-base,wall,10.5,7.5600000000000005,0.0,0.0,,1.0,-6.123233995736766e-17
633,B-base,wall,10.5,7.62,0.0,0.0,,1.0,-6.123233995736766e-17
634,B-base,wall,10.5,7.68,0.0,0.0,,1.0,-6.123233995736766e-17
635,B-base,wall,10.5,7.74,0.0,0.0,,1.0,-6.123233995736766e-17
636,B-base,wall,10.5,7.8,0.0,0.0,,1.0,-6.123233995736766e-17
637,B-base,wall,10.5,7.859999999999999,0.0,0.0,,1.0,-6.123233995736766e-17
638,B-base,wall,10.5,7.92,0.0,0.0,,1.0,-6.123233995736766e-17
639,B-base,wall,10.5,7.98,0.0,0.0,,1.0,-6.123233995736766e-17
640,B-base,wall,10.5,8.04,0.0,0.0,,1.0,-6.123233995736766e-17
641,B-base,wall,10.5,8.1,0.0,0.0,,1.0,-6.123233995736766e-17
642,B-base,wall,10.5,8.16,0.0,0.0,,1.0,-6.123233995736766e-17
643,B-base,wall,10.5,8.219999999999999,0.0,0.0,,1.0,-6.123233995736766e-17
644,B-base,wall,10.5,8.28,0.0,0.0,,1.0,-6.123233995736766e-17
645,B-base,wall,10.5,8.34,0.0,0.0,,1.0,-6.123233995736766e-17
646,B-base,wall,10.5,8.4,0.0,0.0,,1.0,-6.123233995736766e-17
647,B-base,wall,10.5,8.46,0.0,0.0,,1.0,-6.123233995736766e-17
648,B-base,wall,10.5,8.52,0.0,0.0,,1.0,-6.123233995736766e-17
649,B-base,wall,10.5,8.58,0.0,0.0,,1.0,-6.123233995736766e-17
650,B-base,wall,10.5,8.64,0.0,0.0,,1.0,-6.123233995736766e-17
651,B-base,wall,10.5,8.7,0.0,0.0,,1.0,-6.123233995736766e-17
652,B-base,wall,10.5,8.76,0.0,0.0,,1.0,-6.123233995736766e-17
653,B-base,wall,10.5,8.82,0.0,0.0,,1.0,-6.123233995736766e-17
654,B-base,wall,10.5,8.879999999999999,0.0,0.0,,1.0,-6.123233995736766e-17
655,B-base,wall,10.5,8.94,0.0,0.0,,1.0,-6.123233995736766e-17
656,B-base,wall,10.5,9.0,0.0,0.0,,1.0,-6.123233995736766e-17
657,B-base,wall,10.5,9.06,0.0,0.0,,1.0,-6.123233995736766e-17
658,B-base,wall,10.5,9.120000000000001,0.0,0.0,,1.0,-6.123233995736766e-17
659,B-base,wall,10.5,9.18,0.0,0.0,,1.0,-6.123233995736766e-17
660,B-base,wall,10.5,9.24,0.0,0.0,,1.0,-6.123233995736766e-17
661,B-base,wall,10.5,9.3,0.0,0.0,,1.0,-6.123233995736766e-17
662,B-base,wall,10.5,9.36,0.0,0.0,,1.0,-6.123233995736766e-17
663,B-base,wall,10.5,9.42,0.0,0.0,,1.0,-6.123233995736766e-17
664,B-base,wall,10.5,9.48,0.0,0.0,,1.0,-6.123233995736766e-17
665,B-base,wall,10.5,9.54,0.0,0.0,,1.0,-6.123233995736766e-17
666,B-base,wall,10.5,9.6,0.0,0.0,,1.0,-6.123233995736766e-17
667,B-base,wall,10.5,9.66,0.0,0.0,,1.0,-6.123233995736766e-17
668,B-base,wall,10.5,9.719999999999999,0.0,0.0,,1.0,-6.123233995736766e-17
669,B-base,wall,10.5,9.78,0.0,0.0,,1.0,-6.123233995736766e-17
670,B-base,wall,10.5,9.84,0.0,0.0,,1.0,-6.123233995736766e-17
671,B-base,wall,10.5,9.9,0.0,0.0,,1.0,-6.123233995736766e-17
672,B-base,wall,10.5,9.96,0.0,0.0,,1.0,-6.123233995736766e-17
673,B-base,wall,10.5,10.02,0.0,0.0,,1.0,-6.123233995736766e-17
674,B-base,wall,10.5,10.08,0.0,0.0,,1.0,-6.123233995736766e-17
675,B-base,wall,10.5,10.14,0.0,0.0,,1.0,-6.123233995736766e-17
676,B-base,wall,10.5,10.2,0.0,0.0,,1.0,-6.123233995736766e-17
677,B-base,wall,10.5,10.26,0.0,0.0,,1.0,-6.123233995736766e-17
678,B-base,wall,10.5,10.32,0.0,0.0,,1.0,-6.123233995736766e-17
679,B-base,wall,10.5,10.379999999999999,0.0,0.0,,1.0,-6.123233995736766e-17
680,B-base,wall,10.5,10.44,0.0,0.0,,1.0,-6.123233995736766e-17
681,B-base,wall,10.5,10.5,0.0,0.0,,1.0,-6.123233995736766e-17
682,B-base,wall,10.5,10.559999999999999,0.0,0.0,,1.0,-6.123233995736766e-17
683,B-base,wall,10.5,10.620000000000001,0.0,0.0,,1.0,-6.123233995736766e-17
684,B-base,wall,10.5,10.68,0.0,0.0,,1.0,-6.123233995736766e-17
685,B-base,wall,10.5,10.74,0.0,0.0,,1.0,-6.123233995736766e-17
686,B-base,wall,10.5,10.8,0.0,0.0,,1.0,-6.123233995736766e-17
687,B-base,wall,10.5,10.86,0.0,0.0,,1.0,-6.123233995736766e-17
688,B-base,wall,10.5,10.92,0.0,0.0,,1.0,-6.123233995736766e-17
689,B-base,wall,10.5,10.98,0.0,0.0,,1.0,-6.123233995736766e-17
690,B-base,wall,10.5,11.04,0.0,0.0,,1.0,-6.123233995736766e-17
691,B-base,wall,10.5,11.1,0.0,0.0,,1.0,-6.123233995736766e-17
692,B-base,wall,10.5,11.16,0.0,0.0,,1.0,-6.123233995736766e-17
693,B-base,wall,10.5,11.219999999999999,0.0,0.0,,1.0,-6.123233995736766e-17
694,B-base,wall,10.5,11.28,0.0,0.0,,1.0,-6.123233995736766e-17
695,B-base,wall,10.5,11.34,0.0,0.0,,1.0,-6.123233995736766e-17
696,B-base,wall,10.5,11.399999999999999,0.0,0.0,,1.0,-6.123233995736766e-17
697,B-base,wall,10.5,11.46,0.0,0.0,,1.0,-6.123233995736766e-17
698,B-base,wall,10.5,11.52,0.0,0.0,,1.0,-6.123233995736766e-17
699,B-base,wall,10.5,11.58,0.0,0.0,,1.0,-6.123233995736766e-17
700,B-base,wall,10.5,11.64,0.0,0.0,,1.0,-6.123233995736766e-17
701,B-base,wall,10.5,11.7,0.0,0.0,,1.0,-6.123233995736766e-17
702,B-base,wall,10.5,11.76,0.0,0.0,,1.0,-6.123233995736766e-17
703,B-base,wall,10.5,11.82,0.0,0.0,,1.0,-6.123233995736766e-17
704,B-base,wall,10.5,11.879999999999999,0.0,0.0,,1.0,-6.123233995736766e-17
705,B-base,wall,10.5,11.94,0.0,0.0,,1.0,-6.123233995736766e-17
706,B-base,wall,10.5,12.0,0.0,0.0,,1.0,-6.123233995736766e-17
707,B-base,outlet,9.5,12.0,,,0.0,6.123233995736766e-17,1.0
708,B-base,outlet,9.51,12.0,,,0.0,6.123233995736766e-17,1.0
709,B-base,outlet,9.52,12.0,,,0.0,6.123233995736766e-17,1.0
710,B-base,outlet,9.53,12.0,,,0.0,6.123233995736766e-17,1.0
711,B-base,outlet,9.54,12.0,,,0.0,6.123233995736766e-17,1.0
712,B-base,outlet,9.55,12.0,,,0.0,6.123233995736766e-17,1.0
713,B-base,outlet,9.56,12.0,,,0.0,6.123233995736766e-17,1.0
714,B-base,outlet,9.57,12.0,,,0.0,6.123233995736766e-17,1.0
715,B-base,outlet,9.58,12.0,,,0.0,6.123233995736766e-17,1.0
716,B-base,outlet,9.59,12.0,,,0.0,6.123233995736766e-17,1.0
717,B-base,outlet,9.6,12.0,,,0.0,6.123233995736766e-17,1.0
718,B-base,outlet,9.61,12.0,,,0.0,6.123233995736766e-17,1.0
719,B-base,outlet,9.62,12.0,,,0.0,6.123233995736766e-17,1.0
720,B-base,outlet,9.63,12.0,,,0.0,6.123233995736766e-17,1.0
721,B-base,outlet,9.64,12.0,,,0.0,6.123233995736766e-17,1.0
722,B-base,outlet,9.65,12.0,,,0.0,6.123233995736766e-17,1.0
723,B-base,outlet,9.66,12.0,,,0.0,6.123233995736766e-17,1.0
724,B-base,outlet,9.67,12.0,,,0.0,6.123233995736766e-17,1.0
725,B-base,outlet,9.68,12.0,,,0.0,6.123233995736766e-17,1.0
726,B-base,outlet,9.69,12.0,,,0.0,6.123233995736766e-17,1.0
727,B-base,outlet,9.7,12.0,,,0.0,6.123233995736766e-17,1.0
728,B-base,outlet,9.71,12.0,,,0.0,6.123233995736766e-17,1.0
729,B-base,outlet,9.72,12.0,,,0.0,6.123233995736766e-17,1.0
730,B-base,outlet,9.73,12.0,,,0.0,6.123233995736766e-17,1.0
731,B-base,outlet,9.74,12.0,,,0.0,6.123233995736766e-17,1.0
732,B-base,outlet,9.75,12.0,,,0.0,6.123233995736766e-17,1.0
733,B-base,outlet,9.76,12.0,,,0.0,6.123233995736766e-17,1.0
734,B-base,outlet,9.77,12.0,,,0.0,6.123233995736766e-17,1.0
735,B-base,outlet,9.78,12.0,,,0.0,6.123233995736766e-17,1.0
736,B-base,outlet,9.79,12.0,,,0.0,6.123233995736766e-17,1.0
737,B-base,outlet,9.8,12.0,,,0.0,6.123233995736766e-17,1.0
738,B-base,outlet,9.81,12.0,,,0.0,6.123233995736766e-17,1.0
739,B-base,outlet,9.82,12.0,,,0.0,6.123233995736766e-17,1.0
740,B-base,outlet,9.83,12.0,,,0.0,6.123233995736766e-17,1.0
741,B-base,outlet,9.84,12.0,,,0.0,6.123233995736766e-17,1.0
742,B-base,outlet,9.85,12.0,,,0.0,6.123233995736766e-17,1.0
743,B-base,outlet,9.86,12.0,,,0.0,6.123233995736766e-17,1.0
744,B-base,outlet,9.87,12.0,,,0.0,6.123233995736766e-17,1.0
745,B-base,outlet,9.88,12.0,,,0.0,6.123233995736766e-17,1.0
746,B-base,outlet,9.89,12.0,,,0.0,6.123233995736766e-17,1.0
747,B-base,outlet,9.9,12.0,,,0.0,6.123233995736766e-17,1.0
748,B-base,outlet,9.91,12.0,,,0.0,6.123233995736766e-17,1.0
749,B-base,outlet,9.92,12.0,,,0.0,6.123233995736766e-17,1.0
750,B-base,outlet,9.93,12.0,,,0.0,6.123233995736766e-17,1.0
751,B-base,outlet,9.94,12.0,,,0.0,6.123233995736766e-17,1.0
752,B-base,outlet,9.95,12.0,,,0.0,6.123233995736766e-17,1.0
753,B-base,outlet,9.96,12.0,,,0.0,6.123233995736766e-17,1.0
754,B-base,outlet,9.97,12.0,,,0.0,6.123233995736766e-17,1.0
755,B-base,outlet,9.98,12.0,,,0.0,6.123233995736766e-17,1.0
756,B-base,outlet,9.99,12.0,,,0.0,6.123233995736766e-17,1.0
757,B-base,outlet,10.0,12.0,,,0.0,6.123233995736766e-17,1.0
758,B-base,outlet,10.01,12.0,,,0.0,6.123233995736766e-17,1.0
759,B-base,outlet,10.02,12.0,,,0.0,6.123233995736766e-17,1.0
760,B-base,outlet,10.03,12.0,,,0.0,6.123233995736766e-17,1.0
761,B-base,outlet,10.04,12.0,,,0.0,6.123233995736766e-17,1.0
762,B-base,outlet,10.05,12.0,,,0.0,6.123233995736766e-17,1.0
763,B-base,outlet,10.06,12.0,,,0.0,6.123233995736766e-17,1.0
764,B-base,outlet,10.07,12.0,,,0.0,6.123233995736766e-17,1.0
765,B-base,outlet,10.08,12.0,,,0.0,6.123233995736766e-17,1.0
766,B-base,outlet,10.09,12.0,,,0.0,6.123233995736766e-17,1.0
767,B-base,outlet,10.1,12.0,,,0.0,6.123233995736766e-17,1.0
768,B-base,outlet,10.11,12.0,,,0.0,6.123233995736766e-17,1.0
769,B-base,outlet,10.12,12.0,,,0.0,6.123233995736766e-17,1.0
770,B-base,outlet,10.13,12.0,,,0.0,6.123233995736766e-17,1.0
771,B-base,outlet,10.14,12.0,,,0.0,6.123233995736766e-17,1.0
772,B-base,outlet,10.15,12.0,,,0.0,6.123233995736766e-17,1.0
773,B-base,outlet,10.16,12.0,,,0.0,6.123233995736766e-17,1.0
774,B-base,outlet,10.17,12.0,,,0.0,6.123233995736766e-17,1.0
775,B-base,outlet,10.18,12.0,,,0.0,6.123233995736766e-17,1.0
776,B-base,outlet,10.19,12.0,,,0.0,6.123233995736766e-17,1.0
777,B-base,outlet,10.2,12.0,,,0.0,6.123233995736766e-17,1.0
778,B-base,outlet,10.21,12.0,,,0.0,6.123233995736766e-17,1.0
779,B-base,outlet,10.22,12.0,,,0.0,6.123233995736766e-17,1.0
780,B-base,outlet,10.23,12.0,,,0.0,6.123233995736766e-17,1.0
781,B-base,outlet,10.24,12.0,,,0.0,6.123233995736766e-17,1.0
782,B-base,outlet,10.25,12.0,,,0.0,6.123233995736766e-17,1.0
783,B-base,outlet,10.26,12.0,,,0.0,6.123233995736766e-17,1.0
784,B-base,outlet,10.27,12.0,,,0.0,6.123233995736766e-17,1.0
785,B-base,outlet,10.28,12.0,,,0.0,6.123233995736766e-17,1.0
786,B-base,outlet,10.29,12.0,,,0.0,6.123233995736766e-17,1.0
787,B-base,outlet,10.3,12.0,,,0.0,6.123233995736766e-17,1.0
788,B-base,outlet,10.31,12.0,,,0.0,6.123233995736766e-17,1.0
789,B-base,outlet,10.32,12.0,,,0.0,6.123233995736766e-17,1.0
790,B-base,outlet,10.33,12.0,,,0.0,6.123233995736766e-17,1.0
791,B-base,outlet,10.34,12.0,,,0.0,6.123233995736766e-17,1.0
792,B-base,outlet,10.35,12.0,,,0.0,6.123233995736766e-17,1.0
793,B-base,outlet,10.36,12.0,,,0.0,6.123233995736766e-17,1.0
794,B-base,outlet,10.37,12.0,,,0.0,6.123233995736766e-17,1.0
795,B-base,outlet,10.38,12.0,,,0.0,6.123233995736766e-17,1.0
796,B-base,outlet,10.39,12.0,,,0.0,6.123233995736766e-17,1.0
797,B-base,outlet,10.4,12.0,,,0.0,6.123233995736766e-17,1.0
798,B-base,outlet,10.41,12.0,,,0.0,6.123233995736766e-17,1.0
799,B-base,outlet,10.42,12.0,,,0.0,6.123233995736766e-17,1.0
800,B-base,outlet,10.43,12.0,,,0.0,6.123233995736766e-17,1.0
801,B-base,outlet,10.44,12.0,,,0.0,6.123233995736766e-17,1.0
802,B-base,outlet,10.45,12.0,,,0.0,6.123233995736766e-17,1.0
803,B-base,outlet,10.46,12.0,,,0.0,6.123233995736766e-17,1.0
804,B-base,outlet,10.47,12.0,,,0.0,6.123233995736766e-17,1.0
805,B-base,outlet,10.48,12.0,,,0.0,6.123233995736766e-17,1.0
806,B-base,outlet,10.49,12.0,,,0.0,6.123233995736766e-17,1.0
807,B-base,outlet,10.5,12.0,,,0.0,6.123233995736766e-17,1.0
