sample_id,case_id,family,sampling_tag,noise_tag,x_star,y_star,u_obs,v_obs,p_obs,region_id,wall_distance_star,segment_id_raw,xi_section_star,eta_section_star,section_width_star,u_obs_mask,v_obs_mask,p_obs_mask
1160,B-base,bend,section_bands_4,clean,1.83233,0.0909091,,,211.211,0,0.4090909,0,1.83233,0.0909091,0.08,0,0,1
1159,B-base,bend,section_bands_4,clean,1.83646,-1.12722e-08,,,211.161,0,0.4999999887278,0,1.83646,-1.12722e-08,0.08,0,0,1
1181,B-base,bend,section_bands_4,clean,1.83853,-0.0454545,,,211.136,0,0.4545455,0,1.83853,-0.0454545,0.08,0,0,1
1180,B-base,bend,section_bands_4,clean,1.8406,-0.0909091,,,211.111,0,0.4090909,0,1.8406,-0.0909091,0.08,0,0,1
1167,B-base,bend,section_bands_4,clean,1.84473,-0.181818,,,211.062,0,0.3181819999999999,0,1.84473,-0.181818,0.08,0,0,1
1171,B-base,bend,section_bands_4,clean,1.8468,-0.227273,,,211.037,0,0.272727,0,1.8468,-0.227273,0.08,0,0,1
1170,B-base,bend,section_bands_4,clean,1.84887,-0.272727,,,211.012,0,0.227273,0,1.84887,-0.272727,0.08,0,0,1
1169,B-base,bend,section_bands_4,clean,1.853,-0.363636,,,210.963,2,0.1363639999999999,0,1.853,-0.363636,0.08,0,0,1
1165,B-base,bend,section_bands_4,clean,1.8592,-0.454545,,,210.888,2,0.045455,0,1.8592,-0.454545,0.08,0,0,1
1168,B-base,bend,section_bands_4,clean,1.8592,-0.409091,,,210.888,2,0.090909,0,1.8592,-0.409091,0.08,0,0,1
1173,B-base,bend,section_bands_4,clean,1.8592,-0.318182,,,210.888,0,0.1818179999999999,0,1.8592,-0.318182,0.08,0,0,1
1174,B-base,bend,section_bands_4,clean,1.8592,-0.136364,,,210.888,0,0.3636359999999999,0,1.8592,-0.136364,0.08,0,0,1
1182,B-base,bend,section_bands_4,clean,1.8592,0.0454545,,,210.888,0,0.4545455,0,1.8592,0.0454545,0.08,0,0,1
1184,B-base,bend,section_bands_4,clean,1.8592,0.136364,,,210.888,0,0.3636359999999999,0,1.8592,0.136364,0.08,0,0,1
1187,B-base,bend,section_bands_4,clean,1.8592,0.181818,,,210.888,0,0.3181819999999999,0,1.8592,0.181818,0.08,0,0,1
1186,B-base,bend,section_bands_4,clean,1.8592,0.227273,,,210.888,0,0.272727,0,1.8592,0.227273,0.08,0,0,1
1176,B-base,bend,section_bands_4,clean,1.8592,0.318182,,,210.888,0,0.1818179999999999,0,1.8592,0.318182,0.08,0,0,1
1178,B-base,bend,section_bands_4,clean,1.8592,0.363636,,,210.888,2,0.1363639999999999,0,1.8592,0.363636,0.08,0,0,1
1177,B-base,bend,section_bands_4,clean,1.8592,0.409091,,,210.888,2,0.090909,0,1.8592,0.409091,0.08,0,0,1
1179,B-base,bend,section_bands_4,clean,1.86127,0.454545,,,210.863,2,0.045455,0,1.86127,0.454545,0.08,0,0,1
1188,B-base,bend,section_bands_4,clean,1.86954,0.272727,,,210.764,0,0.227273,0,1.86954,0.272727,0.08,0,0,1
1183,B-base,bend,section_bands_4,clean,1.87057,-1.12722e-08,,,210.752,0,0.4999999887278,0,1.87057,-1.12722e-08,0.08,0,0,1
1172,B-base,bend,section_bands_4,clean,1.87574,-0.204545,,,210.69,0,0.295455,0,1.87574,-0.204545,0.08,0,0,1
1185,B-base,bend,section_bands_4,clean,1.87781,0.0909091,,,210.665,0,0.4090909,0,1.87781,0.0909091,0.08,0,0,1
1204,B-base,bend,section_bands_4,clean,1.88401,-0.0454545,,,210.59,0,0.4545455,0,1.88401,-0.0454545,0.08,0,0,1
1197,B-base,bend,section_bands_4,clean,1.88608,-0.0909091,,,210.566,0,0.4090909,0,1.88608,-0.0909091,0.08,0,0,1
1194,B-base,bend,section_bands_4,clean,1.89435,-0.272727,,,210.466,0,0.227273,0,1.89435,-0.272727,0.08,0,0,1
1189,B-base,bend,section_bands_4,clean,1.90055,-0.409091,,,210.392,2,0.090909,0,1.90055,-0.409091,0.08,0,0,1
1190,B-base,bend,section_bands_4,clean,1.90262,-0.454545,,,210.367,2,0.045455,0,1.90262,-0.454545,0.08,0,0,1
1193,B-base,bend,section_bands_4,clean,1.90468,-0.363636,,,210.342,2,0.1363639999999999,0,1.90468,-0.363636,0.08,0,0,1
1196,B-base,bend,section_bands_4,clean,1.90468,-0.318182,,,210.342,0,0.1818179999999999,0,1.90468,-0.318182,0.08,0,0,1
1195,B-base,bend,section_bands_4,clean,1.90468,-0.227273,,,210.342,0,0.272727,0,1.90468,-0.227273,0.08,0,0,1
1192,B-base,bend,section_bands_4,clean,1.90468,-0.181818,,,210.342,0,0.3181819999999999,0,1.90468,-0.181818,0.08,0,0,1
1198,B-base,bend,section_bands_4,clean,1.90468,-0.136364,,,210.342,0,0.3636359999999999,0,1.90468,-0.136364,0.08,0,0,1
1205,B-base,bend,section_bands_4,clean,1.90468,-1.12722e-08,,,210.342,0,0.4999999887278,0,1.90468,-1.12722e-08,0.08,0,0,1
1206,B-base,bend,section_bands_4,clean,1.90468,0.0454545,,,210.342,0,0.4545455,0,1.90468,0.0454545,0.08,0,0,1
1207,B-base,bend,section_bands_4,clean,1.90468,0.136364,,,210.342,0,0.3636359999999999,0,1.90468,0.136364,0.08,0,0,1
1209,B-base,bend,section_bands_4,clean,1.90468,0.227273,,,210.342,0,0.272727,0,1.90468,0.227273,0.08,0,0,1
1200,B-base,bend,section_bands_4,clean,1.90468,0.318182,,,210.342,0,0.1818179999999999,0,1.90468,0.318182,0.08,0,0,1
1202,B-base,bend,section_bands_4,clean,1.90468,0.363636,,,210.342,2,0.1363639999999999,0,1.90468,0.363636,0.08,0,0,1
1201,B-base,bend,section_bands_4,clean,1.90468,0.409091,,,210.342,2,0.090909,0,1.90468,0.409091,0.08,0,0,1
1203,B-base,bend,section_bands_4,clean,1.90675,0.454545,,,210.318,2,0.045455,0,1.90675,0.454545,0.08,0,0,1
1211,B-base,bend,section_bands_4,clean,1.91502,0.272727,,,210.218,0,0.227273,0,1.91502,0.272727,0.08,0,0,1
1210,B-base,bend,section_bands_4,clean,1.91916,0.181818,,,210.169,0,0.3181819999999999,0,1.91916,0.181818,0.08,0,0,1
1208,B-base,bend,section_bands_4,clean,1.92329,0.0909091,,,210.119,0,0.4090909,0,1.92329,0.0909091,0.08,0,0,1
1220,B-base,bend,section_bands_4,clean,1.93156,-0.0909091,,,210.02,0,0.4090909,0,1.93156,-0.0909091,0.08,0,0,1
1214,B-base,bend,section_bands_4,clean,1.95016,-0.454545,,,209.797,2,0.045455,0,1.95016,-0.454545,0.08,0,0,1
1212,B-base,bend,section_bands_4,clean,1.95016,-0.409091,,,209.797,2,0.090909,0,1.95016,-0.409091,0.08,0,0,1
1217,B-base,bend,section_bands_4,clean,1.95016,-0.363636,,,209.797,2,0.1363639999999999,0,1.95016,-0.363636,0.08,0,0,1
1219,B-base,bend,section_bands_4,clean,1.95016,-0.318182,,,209.797,0,0.1818179999999999,0,1.95016,-0.318182,0.08,0,0,1
1218,B-base,bend,section_bands_4,clean,1.95016,-0.272727,,,209.797,0,0.227273,0,1.95016,-0.272727,0.08,0,0,1
1215,B-base,bend,section_bands_4,clean,1.95016,-0.227273,,,209.797,0,0.272727,0,1.95016,-0.227273,0.08,0,0,1
1216,B-base,bend,section_bands_4,clean,1.95016,-0.181818,,,209.797,0,0.3181819999999999,0,1.95016,-0.181818,0.08,0,0,1
1221,B-base,bend,section_bands_4,clean,1.95016,-0.136364,,,209.797,0,0.3636359999999999,0,1.95016,-0.136364,0.08,0,0,1
1227,B-base,bend,section_bands_4,clean,1.95016,-0.0454545,,,209.797,0,0.4545455,0,1.95016,-0.0454545,0.08,0,0,1
1229,B-base,bend,section_bands_4,clean,1.95016,-1.12722e-08,,,209.797,0,0.4999999887278,0,1.95016,-1.12722e-08,0.08,0,0,1
1228,B-base,bend,section_bands_4,clean,1.95016,0.0454545,,,209.797,0,0.4545455,0,1.95016,0.0454545,0.08,0,0,1
1233,B-base,bend,section_bands_4,clean,1.95016,0.136364,,,209.797,0,0.3636359999999999,0,1.95016,0.136364,0.08,0,0,1
1234,B-base,bend,section_bands_4,clean,1.95016,0.227273,,,209.797,0,0.272727,0,1.95016,0.227273,0.08,0,0,1
1223,B-base,bend,section_bands_4,clean,1.95016,0.318182,,,209.797,0,0.1818179999999999,0,1.95016,0.318182,0.08,0,0,1
1224,B-base,bend,section_bands_4,clean,1.95016,0.409091,,,209.797,2,0.090909,0,1.95016,0.409091,0.08,0,0,1
1226,B-base,bend,section_bands_4,clean,1.95223,0.454545,,,209.772,2,0.045455,0,1.95223,0.454545,0.08,0,0,1
1225,B-base,bend,section_bands_4,clean,1.95637,0.363636,,,209.722,2,0.1363639999999999,0,1.95637,0.363636,0.08,0,0,1
1231,B-base,bend,section_bands_4,clean,1.9574,0.181818,,,209.71,0,0.3181819999999999,0,1.9574,0.181818,0.08,0,0,1
1230,B-base,bend,section_bands_4,clean,1.9605,0.272727,,,209.673,0,0.227273,0,1.9605,0.272727,0.08,0,0,1
1232,B-base,bend,section_bands_4,clean,1.96877,0.0909091,,,209.573,0,0.4090909,0,1.96877,0.0909091,0.08,0,0,1
1244,B-base,bend,section_bands_4,clean,1.97704,-0.0909091,,,209.474,0,0.4090909,0,1.97704,-0.0909091,0.08,0,0,1
1915,B-base,bend,section_bands_4,clean,3.32077,0.363636,,,193.358,2,0.1363639999999999,0,3.32077,0.363636,0.08,0,0,1
1917,B-base,bend,section_bands_4,clean,3.32284,0.318182,,,193.333,0,0.1818179999999999,0,3.32284,0.318182,0.08,0,0,1
1942,B-base,bend,section_bands_4,clean,3.32491,0.272727,,,193.307,0,0.227273,0,3.32491,0.272727,0.08,0,0,1
1943,B-base,bend,section_bands_4,clean,3.32904,0.181818,,,193.256,0,0.3181819999999999,0,3.32904,0.181818,0.08,0,0,1
1944,B-base,bend,section_bands_4,clean,3.33111,0.136364,,,193.23,0,0.3636359999999999,0,3.33111,0.136364,0.08,0,0,1
1930,B-base,bend,section_bands_4,clean,3.33214,-0.25,,,193.205,0,0.25,0,3.33214,-0.25,0.08,0,0,1
1945,B-base,bend,section_bands_4,clean,3.33318,0.0909091,,,193.203,0,0.4090909,0,3.33318,0.0909091,0.08,0,0,1
1946,B-base,bend,section_bands_4,clean,3.33524,0.0454545,,,193.177,0,0.4545455,0,3.33524,0.0454545,0.08,0,0,1
1947,B-base,bend,section_bands_4,clean,3.33731,-1.12722e-08,,,193.151,0,0.4999999887278,0,3.33731,-1.12722e-08,0.08,0,0,1
1955,B-base,bend,section_bands_4,clean,3.33938,-0.0454545,,,193.124,0,0.4545455,0,3.33938,-0.0454545,0.08,0,0,1
1954,B-base,bend,section_bands_4,clean,3.34145,-0.0909091,,,193.098,0,0.4090909,0,3.34145,-0.0909091,0.08,0,0,1
1958,B-base,bend,section_bands_4,clean,3.34558,-0.181818,,,193.045,0,0.3181819999999999,0,3.34558,-0.181818,0.08,0,0,1
1951,B-base,bend,section_bands_4,clean,3.35178,-0.318182,,,192.967,0,0.1818179999999999,0,3.35178,-0.318182,0.08,0,0,1
1949,B-base,bend,section_bands_4,clean,3.35385,-0.363636,,,192.942,2,0.1363639999999999,0,3.35385,-0.363636,0.08,0,0,1
1934,B-base,bend,section_bands_4,clean,3.36005,-0.454545,,,192.867,2,0.045455,0,3.36005,-0.454545,0.08,0,0,1
1948,B-base,bend,section_bands_4,clean,3.36005,-0.409091,,,192.867,2,0.090909,0,3.36005,-0.409091,0.08,0,0,1
1952,B-base,bend,section_bands_4,clean,3.36005,-0.272727,,,192.869,0,0.227273,0,3.36005,-0.272727,0.08,0,0,1
1956,B-base,bend,section_bands_4,clean,3.36005,-0.227273,,,192.87,0,0.272727,0,3.36005,-0.227273,0.08,0,0,1
1957,B-base,bend,section_bands_4,clean,3.36005,-0.136364,,,192.873,0,0.3636359999999999,0,3.36005,-0.136364,0.08,0,0,1
1967,B-base,bend,section_bands_4,clean,3.36005,0.227273,,,192.886,0,0.272727,0,3.36005,0.227273,0.08,0,0,1
1941,B-base,bend,section_bands_4,clean,3.36005,0.318182,,,192.888,0,0.1818179999999999,0,3.36005,0.318182,0.08,0,0,1
1937,B-base,bend,section_bands_4,clean,3.36005,0.409091,,,192.889,2,0.090909,0,3.36005,0.409091,0.08,0,0,1
1938,B-base,bend,section_bands_4,clean,3.36212,0.454545,,,192.864,2,0.045455,0,3.36212,0.454545,0.08,0,0,1
1939,B-base,bend,section_bands_4,clean,3.36625,0.363636,,,192.815,2,0.1363639999999999,0,3.36625,0.363636,0.08,0,0,1
1969,B-base,bend,section_bands_4,clean,3.36729,0.181818,,,192.798,0,0.3181819999999999,0,3.36729,0.181818,0.08,0,0,1
1970,B-base,bend,section_bands_4,clean,3.36832,0.136364,,,192.784,0,0.3636359999999999,0,3.36832,0.136364,0.08,0,0,1
1968,B-base,bend,section_bands_4,clean,3.37039,0.272727,,,192.763,0,0.227273,0,3.37039,0.272727,0.08,0,0,1
1953,B-base,bend,section_bands_4,clean,3.37246,-0.0227273,,,192.728,0,0.4772727,0,3.37246,-0.0227273,0.08,0,0,1
1971,B-base,bend,section_bands_4,clean,3.37866,0.0909091,,,192.658,0,0.4090909,0,3.37866,0.0909091,0.08,0,0,1
1950,B-base,bend,section_bands_4,clean,3.37969,-0.340909,,,192.631,0,0.1590909999999999,0,3.37969,-0.340909,0.08,0,0,1
1972,B-base,bend,section_bands_4,clean,3.38072,0.0454545,,,192.632,0,0.4545455,0,3.38072,0.0454545,0.08,0,0,1
1979,B-base,bend,section_bands_4,clean,3.38693,-0.0909091,,,192.552,0,0.4090909,0,3.38693,-0.0909091,0.08,0,0,1
1975,B-base,bend,section_bands_4,clean,3.39313,-0.227273,,,192.472,0,0.272727,0,3.39313,-0.227273,0.08,0,0,1
1976,B-base,bend,section_bands_4,clean,3.3952,-0.272727,,,192.446,0,0.227273,0,3.3952,-0.272727,0.08,0,0,1
1980,B-base,bend,section_bands_4,clean,3.39726,-0.136364,,,192.426,0,0.3636359999999999,0,3.39726,-0.136364,0.08,0,0,1
1959,B-base,bend,section_bands_4,clean,3.4014,-0.409091,,,192.368,2,0.090909,0,3.4014,-0.409091,0.08,0,0,1
1960,B-base,bend,section_bands_4,clean,3.40346,-0.454545,,,192.343,2,0.045455,0,3.40346,-0.454545,0.08,0,0,1
1973,B-base,bend,section_bands_4,clean,3.40553,-0.363636,,,192.319,2,0.1363639999999999,0,3.40553,-0.363636,0.08,0,0,1
1974,B-base,bend,section_bands_4,clean,3.40553,-0.318182,,,192.32,0,0.1818179999999999,0,3.40553,-0.318182,0.08,0,0,1
1981,B-base,bend,section_bands_4,clean,3.40553,-0.181818,,,192.325,0,0.3181819999999999,0,3.40553,-0.181818,0.08,0,0,1
1978,B-base,bend,section_bands_4,clean,3.40553,-0.0454545,,,192.33,0,0.4545455,0,3.40553,-0.0454545,0.08,0,0,1
1977,B-base,bend,section_bands_4,clean,3.40553,-1.12722e-08,,,192.332,0,0.4999999887278,0,3.40553,-1.12722e-08,0.08,0,0,1
1992,B-base,bend,section_bands_4,clean,3.40553,0.136364,,,192.338,0,0.3636359999999999,0,3.40553,0.136364,0.08,0,0,1
1993,B-base,bend,section_bands_4,clean,3.40553,0.181818,,,192.34,0,0.3181819999999999,0,3.40553,0.181818,0.08,0,0,1
1991,B-base,bend,section_bands_4,clean,3.40553,0.227273,,,192.342,0,0.272727,0,3.40553,0.227273,0.08,0,0,1
1965,B-base,bend,section_bands_4,clean,3.40553,0.318182,,,192.344,0,0.1818179999999999,0,3.40553,0.318182,0.08,0,0,1
1966,B-base,bend,section_bands_4,clean,3.40553,0.363636,,,192.345,2,0.1363639999999999,0,3.40553,0.363636,0.08,0,0,1
1964,B-base,bend,section_bands_4,clean,3.4076,0.454545,,,192.322,2,0.045455,0,3.4076,0.454545,0.08,0,0,1
1963,B-base,bend,section_bands_4,clean,3.40967,0.409091,,,192.297,2,0.090909,0,3.40967,0.409091,0.08,0,0,1
1988,B-base,bend,section_bands_4,clean,3.41587,0.272727,,,192.219,0,0.227273,0,3.41587,0.272727,0.08,0,0,1
1995,B-base,bend,section_bands_4,clean,3.42414,0.0909091,,,192.113,0,0.4090909,0,3.42414,0.0909091,0.08,0,0,1
1996,B-base,bend,section_bands_4,clean,3.42621,0.0454545,,,192.086,0,0.4545455,0,3.42621,0.0454545,0.08,0,0,1
2003,B-base,bend,section_bands_4,clean,3.43241,-0.0909091,,,192.005,0,0.4090909,0,3.43241,-0.0909091,0.08,0,0,1
2004,B-base,bend,section_bands_4,clean,3.43447,-0.136364,,,191.978,0,0.3636359999999999,0,3.43447,-0.136364,0.08,0,0,1
1994,B-base,bend,section_bands_4,clean,3.43447,0.204545,,,191.994,0,0.295455,0,3.43447,0.204545,0.08,0,0,1
2001,B-base,bend,section_bands_4,clean,3.43861,-0.227273,,,191.925,0,0.272727,0,3.43861,-0.227273,0.08,0,0,1
2000,B-base,bend,section_bands_4,clean,3.44068,-0.272727,,,191.898,0,0.227273,0,3.44068,-0.272727,0.08,0,0,1
1998,B-base,bend,section_bands_4,clean,3.44274,-0.318182,,,191.871,0,0.1818179999999999,0,3.44274,-0.318182,0.08,0,0,1
1983,B-base,bend,section_bands_4,clean,3.44688,-0.409091,,,191.819,2,0.090909,0,3.44688,-0.409091,0.08,0,0,1
1984,B-base,bend,section_bands_4,clean,3.45101,-0.454545,,,191.769,2,0.045455,0,3.45101,-0.454545,0.08,0,0,1
1999,B-base,bend,section_bands_4,clean,3.45101,-0.363636,,,191.77,2,0.1363639999999999,0,3.45101,-0.363636,0.08,0,0,1
2005,B-base,bend,section_bands_4,clean,3.45101,-0.181818,,,191.777,0,0.3181819999999999,0,3.45101,-0.181818,0.08,0,0,1
2002,B-base,bend,section_bands_4,clean,3.45101,-0.0454545,,,191.784,0,0.4545455,0,3.45101,-0.0454545,0.08,0,0,1
1997,B-base,bend,section_bands_4,clean,3.45101,-1.12722e-08,,,191.786,0,0.4999999887278,0,3.45101,-1.12722e-08,0.08,0,0,1
2017,B-base,bend,section_bands_4,clean,3.45101,0.136364,,,191.793,0,0.3636359999999999,0,3.45101,0.136364,0.08,0,0,1
2013,B-base,bend,section_bands_4,clean,3.45101,0.272727,,,191.799,0,0.227273,0,3.45101,0.272727,0.08,0,0,1
1989,B-base,bend,section_bands_4,clean,3.45101,0.318182,,,191.801,0,0.1818179999999999,0,3.45101,0.318182,0.08,0,0,1
1986,B-base,bend,section_bands_4,clean,3.45101,0.409091,,,191.804,2,0.090909,0,3.45101,0.409091,0.08,0,0,1
1987,B-base,bend,section_bands_4,clean,3.45101,0.454545,,,191.804,2,0.045455,0,3.45101,0.454545,0.08,0,0,1
1990,B-base,bend,section_bands_4,clean,3.45721,0.363636,,,191.729,2,0.1363639999999999,0,3.45721,0.363636,0.08,0,0,1
2019,B-base,bend,section_bands_4,clean,3.46032,0.0909091,,,191.679,0,0.4090909,0,3.46032,0.0909091,0.08,0,0,1
2016,B-base,bend,section_bands_4,clean,3.46342,0.227273,,,191.649,0,0.272727,0,3.46342,0.227273,0.08,0,0,1
2018,B-base,bend,section_bands_4,clean,3.46548,0.181818,,,191.622,0,0.3181819999999999,0,3.46548,0.181818,0.08,0,0,1
2020,B-base,bend,section_bands_4,clean,3.47169,0.0454545,,,191.541,0,0.4545455,0,3.47169,0.0454545,0.08,0,0,1
2029,B-base,bend,section_bands_4,clean,3.47995,-0.136364,,,191.432,0,0.3636359999999999,0,3.47995,-0.136364,0.08,0,0,1
8122,B-base,bend,section_bands_4,clean,10.4091,7.8213,,,50.1443,2,0.0908999999999996,2,1.8213,-0.40910000000000035,0.08,0,0,1
8125,B-base,bend,section_bands_4,clean,10.3182,7.8213,,,50.1443,0,0.1818000000000009,2,1.8213,-0.31819999999999904,0.08,0,0,1
8124,B-base,bend,section_bands_4,clean,10.2727,7.8213,,,50.1443,0,0.2272999999999997,2,1.8213,-0.2727000000000003,0.08,0,0,1
8128,B-base,bend,section_bands_4,clean,10.2273,7.8213,,,50.1443,0,0.2727000000000005,2,1.8213,-0.2272999999999995,0.08,0,0,1
8127,B-base,bend,section_bands_4,clean,10.1364,7.8213,,,50.1443,0,0.3636,2,1.8213,-0.13639999999999997,0.08,0,0,1
8123,B-base,bend,section_bands_4,clean,10.0909,7.8213,,,50.1443,0,0.4091000000000006,2,1.8213,-0.09089999999999943,0.08,0,0,1
8140,B-base,bend,section_bands_4,clean,9.90909,7.8213,,,50.1444,0,0.4090900000000007,2,1.8213,0.09090999999999927,0.08,0,0,1
8142,B-base,bend,section_bands_4,clean,9.72727,7.8213,,,50.1444,0,0.2272700000000006,2,1.8213,0.27272999999999936,0.08,0,0,1
8130,B-base,bend,section_bands_4,clean,9.63636,7.8213,,,50.1444,2,0.1363599999999997,2,1.8213,0.3636400000000003,0.08,0,0,1
8132,B-base,bend,section_bands_4,clean,9.59091,7.8213,,,50.1444,2,0.090909999999999,2,1.8213,0.40909000000000095,0.08,0,0,1
8134,B-base,bend,section_bands_4,clean,9.54545,7.8213,,,50.1444,2,0.0454500000000005,2,1.8213,0.45454999999999945,0.08,0,0,1
8120,B-base,bend,section_bands_4,clean,10.4545,7.82337,,,50.1195,2,0.0455000000000006,2,1.8233699999999997,-0.45449999999999935,0.08,0,0,1
8121,B-base,bend,section_bands_4,clean,10.3636,7.82751,,,50.0699,2,0.1364000000000002,2,1.8275100000000002,-0.3635999999999998,0.08,0,0,1
8129,B-base,bend,section_bands_4,clean,10.1818,7.83577,,,49.9707,0,0.3181999999999992,2,1.8357700000000001,-0.18180000000000074,0.08,0,0,1
8135,B-base,bend,section_bands_4,clean,10.0455,7.84198,,,49.8963,0,0.4544999999999995,2,1.8419800000000004,-0.04550000000000043,0.08,0,0,1
8136,B-base,bend,section_bands_4,clean,10.0,7.84404,,,49.8715,0,0.4999999999999999,2,1.8440399999999997,1.1291488417498425e-16,0.08,0,0,1
8162,B-base,bend,section_bands_4,clean,9.86364,7.85025,,,49.7971,0,0.3636400000000001,2,1.85025,0.13635999999999993,0.08,0,0,1
8126,B-base,bend,section_bands_4,clean,10.1136,7.85231,,,49.7722,0,0.3864000000000002,2,1.8523100000000001,-0.11359999999999981,0.08,0,0,1
8161,B-base,bend,section_bands_4,clean,9.81818,7.85231,,,49.7723,0,0.3181799999999998,2,1.8523100000000001,0.1818200000000002,0.08,0,0,1
8166,B-base,bend,section_bands_4,clean,9.72727,7.85645,,,49.7227,0,0.2272700000000006,2,1.8564499999999997,0.27272999999999936,0.08,0,0,1
8155,B-base,bend,section_bands_4,clean,9.68182,7.85851,,,49.6979,0,0.1818199999999999,2,1.8585099999999999,0.31818,0.08,0,0,1
8154,B-base,bend,section_bands_4,clean,9.63636,7.86058,,,49.6731,2,0.1363599999999997,2,1.8605799999999997,0.3636400000000003,0.08,0,0,1
8158,B-base,bend,section_bands_4,clean,9.54545,7.86472,,,49.6235,2,0.0454500000000005,2,1.8647200000000002,0.45454999999999945,0.08,0,0,1
8144,B-base,bend,section_bands_4,clean,10.4545,7.86678,,,49.5985,2,0.0455000000000006,2,1.8667800000000003,-0.45449999999999935,0.08,0,0,1
8145,B-base,bend,section_bands_4,clean,10.3636,7.86678,,,49.5985,2,0.1364000000000002,2,1.8667800000000003,-0.3635999999999998,0.08,0,0,1
8149,B-base,bend,section_bands_4,clean,10.2727,7.86678,,,49.5985,0,0.2272999999999997,2,1.8667800000000003,-0.2727000000000003,0.08,0,0,1
8160,B-base,bend,section_bands_4,clean,9.95455,7.86678,,,49.5986,0,0.4545499999999992,2,1.8667800000000003,0.04545000000000077,0.08,0,0,1
8163,B-base,bend,section_bands_4,clean,9.90909,7.86678,,,49.5986,0,0.4090900000000007,2,1.8667800000000003,0.09090999999999927,0.08,0,0,1
8164,B-base,bend,section_bands_4,clean,9.77273,7.86678,,,49.5986,0,0.2727299999999991,2,1.8667800000000003,0.22727000000000086,0.08,0,0,1
8157,B-base,bend,section_bands_4,clean,9.59091,7.86678,,,49.5986,2,0.090909999999999,2,1.8667800000000003,0.40909000000000095,0.08,0,0,1
8146,B-base,bend,section_bands_4,clean,10.4091,7.87092,,,49.5489,2,0.0908999999999996,2,1.87092,-0.40910000000000035,0.08,0,0,1
8151,B-base,bend,section_bands_4,clean,10.1818,7.87402,,,49.5117,0,0.3181999999999992,2,1.8740199999999998,-0.18180000000000074,0.08,0,0,1
8150,B-base,bend,section_bands_4,clean,10.3182,7.87505,,,49.4993,0,0.1818000000000009,2,1.8750499999999999,-0.31819999999999904,0.08,0,0,1
8159,B-base,bend,section_bands_4,clean,10.0227,7.87815,,,49.4621,0,0.4772999999999997,2,1.8781499999999998,-0.022700000000000272,0.08,0,0,1
8153,B-base,bend,section_bands_4,clean,10.2273,7.87919,,,49.4497,0,0.2727000000000005,2,1.8791900000000004,-0.2272999999999995,0.08,0,0,1
8147,B-base,bend,section_bands_4,clean,10.0568,7.88177,,,49.4187,0,0.4431999999999992,2,1.8817700000000004,-0.05680000000000073,0.08,0,0,1
8152,B-base,bend,section_bands_4,clean,10.1364,7.88332,,,49.4001,0,0.3636,2,1.8833200000000003,-0.13639999999999997,0.08,0,0,1
8148,B-base,bend,section_bands_4,clean,10.0909,7.88539,,,49.3753,0,0.4091000000000006,2,1.8853900000000001,-0.09089999999999943,0.08,0,0,1
8165,B-base,bend,section_bands_4,clean,9.70455,7.88539,,,49.3754,0,0.2045499999999992,2,1.8853900000000001,0.29545000000000077,0.08,0,0,1
8187,B-base,bend,section_bands_4,clean,9.81818,7.89779,,,49.2265,0,0.3181799999999998,2,1.8977899999999996,0.1818200000000002,0.08,0,0,1
8189,B-base,bend,section_bands_4,clean,9.77273,7.89986,,,49.2017,0,0.2727299999999991,2,1.8998600000000003,0.22727000000000086,0.08,0,0,1
8180,B-base,bend,section_bands_4,clean,9.63636,7.90606,,,49.1273,2,0.1363599999999997,2,1.90606,0.3636400000000003,0.08,0,0,1
8182,B-base,bend,section_bands_4,clean,9.59091,7.90813,,,49.1025,2,0.090909999999999,2,1.9081299999999999,0.40909000000000095,0.08,0,0,1
8168,B-base,bend,section_bands_4,clean,10.4545,7.91226,,,49.0528,2,0.0455000000000006,2,1.9122599999999998,-0.45449999999999935,0.08,0,0,1
8169,B-base,bend,section_bands_4,clean,10.4091,7.91226,,,49.0528,2,0.0908999999999996,2,1.9122599999999998,-0.40910000000000035,0.08,0,0,1
8170,B-base,bend,section_bands_4,clean,10.3636,7.91226,,,49.0528,2,0.1364000000000002,2,1.9122599999999998,-0.3635999999999998,0.08,0,0,1
8173,B-base,bend,section_bands_4,clean,10.2727,7.91226,,,49.0528,0,0.2272999999999997,2,1.9122599999999998,-0.2727000000000003,0.08,0,0,1
8177,B-base,bend,section_bands_4,clean,10.2273,7.91226,,,49.0528,0,0.2727000000000005,2,1.9122599999999998,-0.2272999999999995,0.08,0,0,1
8175,B-base,bend,section_bands_4,clean,10.1818,7.91226,,,49.0528,0,0.3181999999999992,2,1.9122599999999998,-0.18180000000000074,0.08,0,0,1
8171,B-base,bend,section_bands_4,clean,10.0455,7.91226,,,49.0528,0,0.4544999999999995,2,1.9122599999999998,-0.04550000000000042,0.08,0,0,1
8183,B-base,bend,section_bands_4,clean,10.0,7.91226,,,49.0528,0,0.4999999999999999,2,1.9122599999999998,1.1709215440687587e-16,0.08,0,0,1
8186,B-base,bend,section_bands_4,clean,9.95455,7.91226,,,49.0528,0,0.4545499999999992,2,1.9122599999999998,0.045450000000000775,0.08,0,0,1
8185,B-base,bend,section_bands_4,clean,9.90909,7.91226,,,49.0528,0,0.4090900000000007,2,1.9122599999999998,0.09090999999999927,0.08,0,0,1
8188,B-base,bend,section_bands_4,clean,9.86364,7.91226,,,49.0528,0,0.3636400000000001,2,1.9122599999999998,0.13635999999999993,0.08,0,0,1
8190,B-base,bend,section_bands_4,clean,9.72727,7.91226,,,49.0529,0,0.2272700000000006,2,1.9122599999999998,0.27272999999999936,0.08,0,0,1
8179,B-base,bend,section_bands_4,clean,9.68182,7.91226,,,49.0529,0,0.1818199999999999,2,1.9122599999999998,0.31818,0.08,0,0,1
8181,B-base,bend,section_bands_4,clean,9.54545,7.91226,,,49.0529,2,0.0454500000000005,2,1.9122599999999998,0.45454999999999945,0.08,0,0,1
8174,B-base,bend,section_bands_4,clean,10.3182,7.92053,,,48.9535,0,0.1818000000000009,2,1.9205300000000003,-0.31819999999999904,0.08,0,0,1
8172,B-base,bend,section_bands_4,clean,10.0909,7.92157,,,48.9412,0,0.4091000000000006,2,1.92157,-0.09089999999999943,0.08,0,0,1
8176,B-base,bend,section_bands_4,clean,10.1364,7.9288,,,48.8543,0,0.3636,2,1.9287999999999998,-0.13639999999999997,0.08,0,0,1
8211,B-base,bend,section_bands_4,clean,9.81818,7.94327,,,48.6807,0,0.3181799999999998,2,1.94327,0.1818200000000002,0.08,0,0,1
8213,B-base,bend,section_bands_4,clean,9.77273,7.94534,,,48.6559,0,0.2727299999999991,2,1.9453399999999998,0.22727000000000086,0.08,0,0,1
8207,B-base,bend,section_bands_4,clean,9.86364,7.94948,,,48.6063,0,0.3636400000000001,2,1.9494800000000003,0.13635999999999993,0.08,0,0,1
8204,B-base,bend,section_bands_4,clean,9.68182,7.94948,,,48.6063,0,0.1818199999999999,2,1.9494800000000003,0.31818,0.08,0,0,1
8205,B-base,bend,section_bands_4,clean,9.63636,7.95154,,,48.5815,2,0.1363599999999997,2,1.9515399999999996,0.3636400000000003,0.08,0,0,1
8192,B-base,bend,section_bands_4,clean,10.4545,7.95774,,,48.507,2,0.0455000000000006,2,1.9577400000000003,-0.45449999999999935,0.08,0,0,1
8198,B-base,bend,section_bands_4,clean,10.2727,7.95774,,,48.507,0,0.2272999999999997,2,1.9577400000000003,-0.2727000000000003,0.08,0,0,1
8201,B-base,bend,section_bands_4,clean,10.1818,7.95774,,,48.507,0,0.3181999999999992,2,1.9577400000000003,-0.18180000000000074,0.08,0,0,1
8197,B-base,bend,section_bands_4,clean,10.0909,7.95774,,,48.507,0,0.4091000000000006,2,1.9577400000000003,-0.09089999999999941,0.08,0,0,1
8184,B-base,bend,section_bands_4,clean,10.0,7.95774,,,48.5071,0,0.4999999999999999,2,1.9577400000000003,1.1987700122813698e-16,0.08,0,0,1
8208,B-base,bend,section_bands_4,clean,9.95455,7.95774,,,48.5071,0,0.4545499999999992,2,1.9577400000000003,0.045450000000000775,0.08,0,0,1
8210,B-base,bend,section_bands_4,clean,9.90909,7.95774,,,48.5071,0,0.4090900000000007,2,1.9577400000000003,0.09090999999999928,0.08,0,0,1
8214,B-base,bend,section_bands_4,clean,9.72727,7.95774,,,48.5071,0,0.2272700000000006,2,1.9577400000000003,0.27272999999999936,0.08,0,0,1
8206,B-base,bend,section_bands_4,clean,9.59091,7.95774,,,48.5071,2,0.090909999999999,2,1.9577400000000003,0.40909000000000095,0.08,0,0,1
8203,B-base,bend,section_bands_4,clean,9.54545,7.95774,,,48.5071,2,0.0454500000000005,2,1.9577400000000003,0.45454999999999945,0.08,0,0,1
8193,B-base,bend,section_bands_4,clean,10.4091,7.96188,,,48.4574,2,0.0908999999999996,2,1.9618799999999998,-0.40910000000000035,0.08,0,0,1
8194,B-base,bend,section_bands_4,clean,10.3636,7.96395,,,48.4326,2,0.1364000000000002,2,1.9639499999999996,-0.3635999999999998,0.08,0,0,1
8199,B-base,bend,section_bands_4,clean,10.3182,7.96601,,,48.4078,0,0.1818000000000009,2,1.9660099999999998,-0.31819999999999904,0.08,0,0,1
8196,B-base,bend,section_bands_4,clean,10.1364,7.96601,,,48.4078,0,0.3636,2,1.9660099999999998,-0.13639999999999997,0.08,0,0,1
8200,B-base,bend,section_bands_4,clean,10.2273,7.97015,,,48.3582,0,0.2727000000000005,2,1.9701500000000003,-0.2272999999999995,0.08,0,0,1
8212,B-base,bend,section_bands_4,clean,9.79545,7.97428,,,48.3086,0,0.2954500000000005,2,1.9742800000000003,0.20454999999999945,0.08,0,0,1
8195,B-base,bend,section_bands_4,clean,10.0455,7.97842,,,48.259,0,0.4544999999999995,2,1.9784199999999998,-0.04550000000000042,0.08,0,0,1
8949,B-base,bend,section_bands_4,clean,10.3182,9.42138,,,30.9434,0,0.181800000000001,2,3.421379999999999,-0.31819999999999893,0.08,0,0,1
8952,B-base,bend,section_bands_4,clean,10.2273,9.42552,,,30.8938,0,0.2727000000000006,2,3.4255200000000006,-0.2272999999999994,0.08,0,0,1
8956,B-base,bend,section_bands_4,clean,10.1364,9.42965,,,30.8442,0,0.3636000000000001,2,3.4296500000000005,-0.13639999999999985,0.08,0,0,1
8958,B-base,bend,section_bands_4,clean,10.0455,9.43378,,,30.7946,0,0.4544999999999997,2,3.4337800000000005,-0.04550000000000033,0.08,0,0,1
8960,B-base,bend,section_bands_4,clean,10.0,9.43585,,,30.7698,0,0.4999999999999998,2,3.4358500000000003,2.103851352425217e-16,0.08,0,0,1
8980,B-base,bend,section_bands_4,clean,9.90909,9.43999,,,30.7202,0,0.4090900000000006,2,3.43999,0.09090999999999937,0.08,0,0,1
8985,B-base,bend,section_bands_4,clean,9.77273,9.44619,,,30.6457,0,0.272729999999999,2,3.4461899999999996,0.22727000000000097,0.08,0,0,1
8983,B-base,bend,section_bands_4,clean,9.95455,9.44826,,,30.6209,0,0.4545499999999991,2,3.4482599999999994,0.045450000000000865,0.08,0,0,1
8986,B-base,bend,section_bands_4,clean,9.72727,9.44826,,,30.6209,0,0.2272700000000005,2,3.4482599999999994,0.2727299999999995,0.08,0,0,1
8977,B-base,bend,section_bands_4,clean,9.59091,9.45446,,,30.5465,2,0.0909099999999989,2,3.454459999999999,0.40909000000000106,0.08,0,0,1
8979,B-base,bend,section_bands_4,clean,9.54545,9.45653,,,30.5217,2,0.0454500000000004,2,3.4565300000000008,0.45454999999999957,0.08,0,0,1
8946,B-base,bend,section_bands_4,clean,10.3636,9.45859,,,30.4969,2,0.1364000000000003,2,3.458589999999999,-0.3635999999999997,0.08,0,0,1
8990,B-base,bend,section_bands_4,clean,9.86364,9.45859,,,30.4969,0,0.3636399999999999,2,3.458589999999999,0.13636000000000004,0.08,0,0,1
8989,B-base,bend,section_bands_4,clean,9.81818,9.45859,,,30.4969,0,0.3181799999999997,2,3.458589999999999,0.18182000000000031,0.08,0,0,1
8987,B-base,bend,section_bands_4,clean,9.68182,9.45859,,,30.4969,0,0.1818199999999998,2,3.458589999999999,0.31818000000000013,0.08,0,0,1
8988,B-base,bend,section_bands_4,clean,9.63636,9.45859,,,30.4969,2,0.1363599999999996,2,3.458589999999999,0.3636400000000004,0.08,0,0,1
8945,B-base,bend,section_bands_4,clean,10.4545,9.46066,,,30.4721,2,0.0455000000000007,2,3.4606600000000007,-0.45449999999999924,0.08,0,0,1
8947,B-base,bend,section_bands_4,clean,10.4091,9.46273,,,30.4473,2,0.0908999999999997,2,3.4627300000000005,-0.40910000000000024,0.08,0,0,1
8950,B-base,bend,section_bands_4,clean,10.3182,9.46686,,,30.3977,0,0.181800000000001,2,3.4668600000000005,-0.31819999999999893,0.08,0,0,1
8972,B-base,bend,section_bands_4,clean,10.2727,9.46893,,,30.3728,0,0.2272999999999998,2,3.4689300000000003,-0.27270000000000016,0.08,0,0,1
8981,B-base,bend,section_bands_4,clean,10.0455,9.46893,,,30.3728,0,0.4544999999999997,2,3.4689300000000003,-0.045500000000000325,0.08,0,0,1
8974,B-base,bend,section_bands_4,clean,10.2273,9.471,,,30.348,0,0.2727000000000006,2,3.471,-0.2272999999999994,0.08,0,0,1
8976,B-base,bend,section_bands_4,clean,10.1818,9.47306,,,30.3232,0,0.3181999999999993,2,3.4730600000000003,-0.18180000000000063,0.08,0,0,1
8975,B-base,bend,section_bands_4,clean,10.1364,9.47513,,,30.2984,0,0.3636000000000001,2,3.47513,-0.13639999999999985,0.08,0,0,1
8982,B-base,bend,section_bands_4,clean,10.0909,9.4772,,,30.2736,0,0.4091000000000007,2,3.4772,-0.09089999999999933,0.08,0,0,1
8984,B-base,bend,section_bands_4,clean,10.0,9.48133,,,30.224,0,0.4999999999999998,2,3.48133,2.1316998206378275e-16,0.08,0,0,1
9006,B-base,bend,section_bands_4,clean,9.95455,9.4834,,,30.1992,0,0.4545499999999991,2,3.4833999999999996,0.04545000000000087,0.08,0,0,1
9003,B-base,bend,section_bands_4,clean,9.90909,9.48547,,,30.1744,0,0.4090900000000006,2,3.4854699999999994,0.09090999999999937,0.08,0,0,1
9009,B-base,bend,section_bands_4,clean,9.77273,9.49167,,,30.1,0,0.272729999999999,2,3.491669999999999,0.22727000000000097,0.08,0,0,1
9011,B-base,bend,section_bands_4,clean,9.63636,9.49787,,,30.0255,2,0.1363599999999996,2,3.4978700000000007,0.3636400000000004,0.08,0,0,1
9001,B-base,bend,section_bands_4,clean,9.59091,9.49994,,,30.0007,2,0.0909099999999989,2,3.4999400000000005,0.40909000000000106,0.08,0,0,1
8969,B-base,bend,section_bands_4,clean,10.4545,9.50407,,,29.9511,2,0.0455000000000007,2,3.5040700000000005,-0.45449999999999924,0.08,0,0,1
8971,B-base,bend,section_bands_4,clean,10.3636,9.50407,,,29.9511,2,0.1364000000000003,2,3.5040700000000005,-0.3635999999999997,0.08,0,0,1
9004,B-base,bend,section_bands_4,clean,10.0455,9.50407,,,29.9511,1,0.4544999999999997,2,3.5040700000000005,-0.045500000000000325,0.08,0,0,1
9013,B-base,bend,section_bands_4,clean,9.86364,9.50407,,,29.9511,1,0.3636399999999999,2,3.5040700000000005,0.13636000000000004,0.08,0,0,1
9012,B-base,bend,section_bands_4,clean,9.81818,9.50407,,,29.9511,1,0.3181799999999997,2,3.5040700000000005,0.18182000000000031,0.08,0,0,1
9008,B-base,bend,section_bands_4,clean,9.72727,9.50407,,,29.9511,1,0.2272700000000005,2,3.5040700000000005,0.2727299999999995,0.08,0,0,1
9010,B-base,bend,section_bands_4,clean,9.68182,9.50407,,,29.9511,1,0.1818199999999998,2,3.5040700000000005,0.31818000000000013,0.08,0,0,1
9002,B-base,bend,section_bands_4,clean,9.54545,9.50407,,,29.9511,2,0.0454500000000004,2,3.5040700000000005,0.45454999999999957,0.08,0,0,1
8970,B-base,bend,section_bands_4,clean,10.4091,9.50821,,,29.9015,2,0.0908999999999997,2,3.50821,-0.40910000000000024,0.08,0,0,1
8973,B-base,bend,section_bands_4,clean,10.3182,9.51234,,,29.8519,1,0.181800000000001,2,3.51234,-0.31819999999999893,0.08,0,0,1
8998,B-base,bend,section_bands_4,clean,10.1364,9.51234,,,29.8519,1,0.3636000000000001,2,3.51234,-0.13639999999999985,0.08,0,0,1
8996,B-base,bend,section_bands_4,clean,10.2727,9.51441,,,29.8271,1,0.2272999999999998,2,3.51441,-0.27270000000000016,0.08,0,0,1
9007,B-base,bend,section_bands_4,clean,10.0,9.51544,,,29.8147,1,0.4999999999999998,2,3.51544,2.1525861717972856e-16,0.08,0,0,1
8997,B-base,bend,section_bands_4,clean,10.2273,9.51648,,,29.8023,1,0.2727000000000006,2,3.5164799999999996,-0.2272999999999994,0.08,0,0,1
8999,B-base,bend,section_bands_4,clean,10.1818,9.51854,,,29.7775,1,0.3181999999999993,2,3.51854,-0.18180000000000063,0.08,0,0,1
9005,B-base,bend,section_bands_4,clean,10.0909,9.52268,,,29.7279,1,0.4091000000000007,2,3.5226799999999994,-0.09089999999999931,0.08,0,0,1
9026,B-base,bend,section_bands_4,clean,9.90909,9.53095,,,29.6286,1,0.4090900000000006,2,3.5309500000000007,0.09090999999999938,0.08,0,0,1
9031,B-base,bend,section_bands_4,clean,9.72727,9.53922,,,29.5294,1,0.2272700000000005,2,3.5392200000000003,0.2727299999999995,0.08,0,0,1
9025,B-base,bend,section_bands_4,clean,9.59091,9.54542,,,29.455,2,0.0909099999999989,2,3.54542,0.40909000000000106,0.08,0,0,1
8993,B-base,bend,section_bands_4,clean,10.4091,9.54955,,,29.4054,2,0.0908999999999997,2,3.54955,-0.40910000000000024,0.08,0,0,1
8995,B-base,bend,section_bands_4,clean,10.3182,9.54955,,,29.4054,1,0.181800000000001,2,3.54955,-0.31819999999999893,0.08,0,0,1
9020,B-base,bend,section_bands_4,clean,10.2273,9.54955,,,29.4054,1,0.2727000000000006,2,3.54955,-0.2272999999999994,0.08,0,0,1
9021,B-base,bend,section_bands_4,clean,10.1364,9.54955,,,29.4054,1,0.3636000000000001,2,3.54955,-0.13639999999999985,0.08,0,0,1
9028,B-base,bend,section_bands_4,clean,10.0455,9.54955,,,29.4054,1,0.4544999999999997,2,3.54955,-0.045500000000000325,0.08,0,0,1
9029,B-base,bend,section_bands_4,clean,10.0,9.54955,,,29.4054,1,0.4999999999999998,2,3.54955,2.1734725229567437e-16,0.08,0,0,1
9030,B-base,bend,section_bands_4,clean,9.95455,9.54955,,,29.4054,1,0.4545499999999991,2,3.54955,0.04545000000000087,0.08,0,0,1
9036,B-base,bend,section_bands_4,clean,9.86364,9.54955,,,29.4054,1,0.3636399999999999,2,3.54955,0.13636000000000004,0.08,0,0,1
9035,B-base,bend,section_bands_4,clean,9.81818,9.54955,,,29.4054,1,0.3181799999999997,2,3.54955,0.18182000000000031,0.08,0,0,1
9032,B-base,bend,section_bands_4,clean,9.77273,9.54955,,,29.4054,1,0.272729999999999,2,3.54955,0.22727000000000097,0.08,0,0,1
9033,B-base,bend,section_bands_4,clean,9.68182,9.54955,,,29.4054,1,0.1818199999999998,2,3.54955,0.31818000000000013,0.08,0,0,1
9034,B-base,bend,section_bands_4,clean,9.63636,9.54955,,,29.4054,2,0.1363599999999996,2,3.54955,0.3636400000000004,0.08,0,0,1
9024,B-base,bend,section_bands_4,clean,9.54545,9.54955,,,29.4054,2,0.0454500000000004,2,3.54955,0.45454999999999957,0.08,0,0,1
8992,B-base,bend,section_bands_4,clean,10.4545,9.55162,,,29.3806,2,0.0455000000000007,2,3.5516199999999998,-0.45449999999999924,0.08,0,0,1
8994,B-base,bend,section_bands_4,clean,10.3636,9.55575,,,29.3309,2,0.1364000000000003,2,3.5557499999999997,-0.3635999999999997,0.08,0,0,1
9019,B-base,bend,section_bands_4,clean,10.2727,9.55989,,,29.2813,1,0.2272999999999998,2,3.5598899999999993,-0.27270000000000016,0.08,0,0,1
9022,B-base,bend,section_bands_4,clean,10.1818,9.56402,,,29.2317,1,0.3181999999999993,2,3.5640199999999993,-0.18180000000000063,0.08,0,0,1
9027,B-base,bend,section_bands_4,clean,10.0909,9.56816,,,29.1821,1,0.4091000000000007,2,3.5681600000000007,-0.09089999999999931,0.08,0,0,1
9051,B-base,bend,section_bands_4,clean,9.90909,9.57643,,,29.0829,1,0.4090900000000006,2,3.57643,0.09090999999999938,0.08,0,0,1
